title,price,url,scraped_at
300円スタート 未開封ポケモンカード 熱風のアリーナ 30パックセット ポケカ,400,https://jp.mercari.com/item/m26005735059,2026-05-05T10:02:05.470112
ポケモンカード 女の子サポート SR まとめ売り,500,https://jp.mercari.com/item/m37153822652,2026-05-05T10:02:05.475278
旧裏　ポケモンカード わるいハクリュー ミニリュウ セット,666,https://jp.mercari.com/item/m47624111380,2026-05-05T10:02:05.480519
ポケモンカード MA 4枚セット,600,https://jp.mercari.com/item/m99769975304,2026-05-05T10:02:05.485766
ゲンガー まとめ売り　27枚　071 094 027 048 035 023,"6,800",https://jp.mercari.com/item/m64782767153,2026-05-05T10:02:05.490682
25th ANNIVERSARY COLLECTION ピカチュウ,700,https://jp.mercari.com/item/m97632755729,2026-05-05T10:02:05.495611
ポケモンカード 旧裏 サンダース カスミのシードラ★ホロ 2枚セット キラ 初期,600,https://jp.mercari.com/item/m28838973038,2026-05-05T10:02:05.500578
メガアブソルSAR 1枚＋AR2枚 計3枚セット,700,https://jp.mercari.com/item/m12837293953,2026-05-05T10:02:05.505129
ポケモンカード　サポート14枚セット,"5,800",https://jp.mercari.com/item/m53913283479,2026-05-05T10:02:05.509700
ミュウツーGX RR フーパ　プロモ　レックウザ　ラティアス&ラティオス,800,https://jp.mercari.com/item/m45017975575,2026-05-05T10:02:05.514415
ポケカ　メガゲッコウガex　進化ライン,888,https://jp.mercari.com/item/m39356093633,2026-05-05T10:02:05.519022
ピカチュウ R S10b Pokémon GO 028/071,700,https://jp.mercari.com/item/m48875726295,2026-05-05T10:02:05.525482
AZセットsar2枚,"1,100",https://jp.mercari.com/item/m35033805411,2026-05-05T10:02:05.530298
ポケカ ブイズ ジムプロモ,"1,099",https://jp.mercari.com/item/m53209083538,2026-05-05T10:02:05.534767
フォッコ AR MEGA ニンジャスピナー 085/083 4枚セット ①,"1,650",https://jp.mercari.com/item/m94462892411,2026-05-05T10:02:05.539305
ポケモンカード 4枚セット,"1,111",https://jp.mercari.com/item/m47785482723,2026-05-05T10:02:05.543418
ポケモンカード モンボミラー ＆ アートレア,700,https://jp.mercari.com/item/m16041465717,2026-05-05T10:02:05.548101
ポケモンカード/ディアンシー/フラエッテ/ポケキュン,"2,700",https://jp.mercari.com/item/m31186616781,2026-05-05T10:02:05.552515
ポケモンカードセット シンオウのポケモン,"4,000",https://jp.mercari.com/item/m60355228899,2026-05-05T10:02:05.557070
ポケモンカード　タッグオールスターズ　RRまとめ売り,700,https://jp.mercari.com/item/m61123169045,2026-05-05T10:02:05.561515
ポケカ　スタートデッキ100 バトルコレクション　ライチュウ　ミラー　3枚,999,https://jp.mercari.com/item/m99117146309,2026-05-05T10:02:05.566284
ポケモンカード　ミュウツー,300,https://jp.mercari.com/item/m28482564904,2026-05-05T10:02:05.570859
いっしょにフレンドバトル　草エネルギー　５枚セット　その３,"1,666",https://jp.mercari.com/item/m52535429297,2026-05-05T10:02:05.575261
ポケモンカード　ボスの指令　アカギ　SR 2枚セット,"3,400",https://jp.mercari.com/item/m25194162226,2026-05-05T10:02:05.579888
「おまけ付き」イーブイ ● 拡張パック 金の空、銀の海 079/106,300,https://jp.mercari.com/item/m63607077211,2026-05-05T10:02:05.584682
ポケモンカード　プロモポケパット4枚セット,"1,200",https://jp.mercari.com/item/m74937166845,2026-05-05T10:02:05.588825
モンボミラー2枚,980,https://jp.mercari.com/item/m60344257179,2026-05-05T10:02:05.593171
ポケモンカード イルカマンGXなど4枚セット,400,https://jp.mercari.com/item/m61787692735,2026-05-05T10:02:05.598094
ポケモンカード ブイズ　15枚セット,"3,200",https://jp.mercari.com/item/m85430635238,2026-05-05T10:02:05.602807
ポケカ レシラムex ゼクロムex ソウブレイズex RR3枚セット,400,https://jp.mercari.com/item/m12186919133,2026-05-05T10:02:05.607184
ポケモンカード　メガディアンシーex ma,"1,333",https://jp.mercari.com/item/m17479221255,2026-05-05T10:02:05.611556
ポケモンカード まとめ売り ブイーズ9枚セット RR,500,https://jp.mercari.com/item/m85780275889,2026-05-05T10:02:05.616224
イーブイ・シャワーズ ・ブースターchr,"4,544",https://jp.mercari.com/item/m99350463948,2026-05-05T10:02:05.620931
ポケモンカード ポケパッド 8枚 M3,"1,090",https://jp.mercari.com/shops/product/2JP9wjWjzKk9D9Wo5m5M7N,2026-05-05T10:02:05.625314
ポケモンカードセット,400,https://jp.mercari.com/item/m84408171557,2026-05-05T10:02:05.630107
ピカチュウ 4枚セット クレイバーストポケカ,580,https://jp.mercari.com/item/m52383621188,2026-05-05T10:02:05.637612
【大特価】ポケモンカード GX 8種8枚まとめ売り,"1,666",https://jp.mercari.com/item/m81631355969,2026-05-05T10:02:05.647034
tag team GX RR AR 100枚　ピカチュウ　レックウザ,"29,999",https://jp.mercari.com/item/m27965882655,2026-05-05T10:02:05.652663
ポケモンカード151 ライチュウ,350,https://jp.mercari.com/item/m54451537480,2026-05-05T10:02:05.657454
ポケモンカード　25th anniversary ルギア　ホウオウ　ミラー,"1,400",https://jp.mercari.com/item/m43173581100,2026-05-05T10:02:05.662452
ポケモンカード コイル ソニックブーム 3枚セット　R 005/020,950,https://jp.mercari.com/item/m74183653448,2026-05-05T10:02:05.674673
ポケモンカード　AR 2枚セット,"1,800",https://jp.mercari.com/item/m74482616679,2026-05-05T10:02:05.679914
ポケモンカードゲーム AR SR MA まとめ売り,700,https://jp.mercari.com/item/m47056364559,2026-05-05T10:02:05.684661
※3枚セット※わるいサンダース ブースター◆ 第4弾拡張パック ロケット団 旧裏,"1,980",https://jp.mercari.com/item/m64931401587,2026-05-05T10:02:05.689292
ポケカ ニャースex RR MEGA ムニキスゼロ 061/080 おまけ付き,700,https://jp.mercari.com/item/m67118261385,2026-05-05T10:02:05.693578
汎用トレーナーズ 53枚まとめ売り ポケモンカード,300,https://jp.mercari.com/item/m16748577873,2026-05-05T10:02:05.697989
ポケカ　RR 43枚　まとめ売り,"1,399",https://jp.mercari.com/item/m70327301375,2026-05-05T10:02:05.702177
ポケモンカード SSR シャイニートレジャー　セット,400,https://jp.mercari.com/item/m54075616078,2026-05-05T10:02:05.706592
ポケモンフレンダ3枚セット！早い者勝ち！,"1,300",https://jp.mercari.com/item/m23750043620,2026-05-05T10:02:05.710953
ミュウツーLv.Xセット,"2,500",https://jp.mercari.com/item/m77149406983,2026-05-05T10:02:05.715506
ポケモンカード　VMAXクライマックス　CHRまとめ売り,"1,100",https://jp.mercari.com/item/m49816303752,2026-05-05T10:02:05.719719
ポケモンカード　旧裏　まとめ売り　赤緑青,780,https://jp.mercari.com/item/m62164092431,2026-05-05T10:02:05.724046
ポケモンカード エーフィ　ブースター サンダース イーブイ,977,https://jp.mercari.com/item/m49491324777,2026-05-05T10:02:05.728304
ポケモンカード ポケモンGO フシギダネ ヒトカゲ ゼニガメ 御三家 3枚セット,450,https://jp.mercari.com/item/m15172323655,2026-05-05T10:02:05.732985
匿名配送 メガシビルドンex 225/193 MA 3枚セット メガドリームex,"1,399",https://jp.mercari.com/item/m36705717070,2026-05-05T10:02:05.737098
リーリエの決心8枚セット,400,https://jp.mercari.com/item/m28997422610,2026-05-05T10:02:05.741116
ポケモンカードルギアまとめ売り,"5,499",https://jp.mercari.com/item/m32402612322,2026-05-05T10:02:05.745363
【ポケカ】ザシアンex RR 6枚,450,https://jp.mercari.com/item/m42136741225,2026-05-05T10:02:05.750151
カイオーガ25th ディアルガ25th ルギア25th ☺︎,400,https://jp.mercari.com/item/m67857419753,2026-05-05T10:02:05.754413
ポケモンカードまとめ売り,750,https://jp.mercari.com/item/m32494606268,2026-05-05T10:02:05.758929
ポケモンカード ピカチュウ ライチュウ8枚セット,333,https://jp.mercari.com/item/m86999233116,2026-05-05T10:02:05.763041
AR3枚まとめ売り,888,https://jp.mercari.com/item/m52512803729,2026-05-05T10:02:05.767446
ミュウツーVSTAR V 051/172 050/172 035/068,600,https://jp.mercari.com/item/m13576824559,2026-05-05T10:02:05.771786
ポケモンカードVSTAR RRR まとめ売り,"1,555",https://jp.mercari.com/item/m55155188556,2026-05-05T10:02:05.776069
3枚セット　ゲッコウガRR・ゲコガシラ・ケロマツ ポケモンカード,"1,399",https://jp.mercari.com/item/m49235976730,2026-05-05T10:02:05.780883
ヒスイゾロアークvstar sar リーリエ　ミラー,"3,500",https://jp.mercari.com/item/m94248867709,2026-05-05T10:02:05.785138
ポケモンカード ミュウV RR s12α s8,999,https://jp.mercari.com/item/m61134782386,2026-05-05T10:02:05.789203
T)ゲンガー S12a VSTARユニバース 048/172 キラカード 4枚,599,https://jp.mercari.com/item/m93327889949,2026-05-05T10:02:05.793673
ポケモンカード コフーライ AR ムニキスゼロ　081/080 2枚セット,580,https://jp.mercari.com/item/m27485972730,2026-05-05T10:02:05.798328
キングドラ CHR S8b VMAXクライマックス 190/184他,999,https://jp.mercari.com/item/m69533720117,2026-05-05T10:02:05.802369
【特価】ミュウツー　150/165 ４枚セット　神イラスト,"1,580",https://jp.mercari.com/item/m79178765550,2026-05-05T10:02:05.806788
ポケモンカードMEGA スタートデッキ100 ミラーマリルリex ノーマルマリル,"1,400",https://jp.mercari.com/item/m23914148961,2026-05-05T10:02:05.810946
K かがやくシリーズ s9a s10a 5枚セット ポケカ,"1,299",https://jp.mercari.com/item/m90318686822,2026-05-05T10:02:05.815714
ポケモンカード　ニョロモ　ニョロゾ　ニョロトノ　ミラー　進化　全6枚,"1,888",https://jp.mercari.com/item/m75213952165,2026-05-05T10:02:05.819784
ポケモンカード 15枚セット,"2,000",https://jp.mercari.com/item/m47465692922,2026-05-05T10:02:05.824204
ピカチュウ　げきとうスパーク　15枚197/SV-P,"4,500",https://jp.mercari.com/item/m26681975086,2026-05-05T10:02:05.829336
ロケット団Rミラー１１枚まとめ売り,"1,066",https://jp.mercari.com/item/m81355346148,2026-05-05T10:02:05.833679
ポケモンカード　ゲッコウガv ミュウツーv　リザードン　人気rr16枚,"4,999",https://jp.mercari.com/item/m23688008348,2026-05-05T10:02:05.837905
ポケモンカード　トサキント　アズマオウ　進化ライン　お祭り会場　各4枚,300,https://jp.mercari.com/item/m32168883645,2026-05-05T10:02:05.842061
ムウマージex SR MEGA 拡張パック インフェルノX 097/080 2枚,"1,400",https://jp.mercari.com/item/m66847049173,2026-05-05T10:02:05.846405
テツノイサハEX 3枚セット,400,https://jp.mercari.com/item/m94054920957,2026-05-05T10:02:05.851097
ゲンガー S4a シャイニースターV 071/190,"1,900",https://jp.mercari.com/item/m36797011636,2026-05-05T10:02:05.855379
ポケモンカード MEGAドリーム ミラー ロケット団　まとめ売り,"2,000",https://jp.mercari.com/item/m88061165948,2026-05-05T10:02:05.859554
リザードン R S10b Pokémon GO 010/071,"1,900",https://jp.mercari.com/item/m44004844851,2026-05-05T10:02:05.864499
ポケモンカード　ポケカ　GX EX SR HR まとめ売り,"3,777",https://jp.mercari.com/item/m15464602654,2026-05-05T10:02:05.868932
【ややキズあり】ミュウツーソウルリンク U XY8 057/059 4枚セット①,"1,999",https://jp.mercari.com/item/m44917032129,2026-05-05T10:02:05.873504
ポケモンカードexまとめ売り,500,https://jp.mercari.com/item/m10309793072,2026-05-05T10:02:05.877617
ピカチュウ S8a 25th ANNIVERSARY【001/028】,"1,890",https://jp.mercari.com/item/m64094617956,2026-05-05T10:02:05.882227
コイキング S1a 020/070 VMAXライジング カナヘイ,"1,600",https://jp.mercari.com/item/m50622422658,2026-05-05T10:02:05.886345
ミロカロスex SAR ヒンバスAR まとめ売り 【美品】 ポケモンカードゲーム,"19,888",https://jp.mercari.com/item/m62697339594,2026-05-05T10:02:05.890603
旧裏 ポケモンカード 当時品 まとめ売りノーマル 15枚 まとめて,"4,500",https://jp.mercari.com/item/m44423472074,2026-05-05T10:02:05.894710
RR 100枚　まとめ売り,"3,333",https://jp.mercari.com/item/m64268496053,2026-05-05T10:02:05.899746
メガフラエッテex SR 2枚　099/083,899,https://jp.mercari.com/item/m76726896618,2026-05-05T10:02:05.903825
カビゴン　まとめ売り,666,https://jp.mercari.com/item/m96041050840,2026-05-05T10:02:05.907919
ポケモンフレンダ　スーパートレジャー,500,https://jp.mercari.com/item/m39130085387,2026-05-05T10:02:05.912465
ロスレイド・ジェイミ ポケモンカードセット,"1,800",https://jp.mercari.com/item/m53180187130,2026-05-05T10:02:05.917372
旧裏ポケモンカードポケモンぎゃくしめい ● 拡張パック第1弾 金、銀、新世界へ…,777,https://jp.mercari.com/item/m16876218643,2026-05-05T10:02:05.921447
AR.ACE.SR23枚セット,"2,500",https://jp.mercari.com/item/m37827914943,2026-05-05T10:02:05.925621
【旧裏】ヤドン ヤドラン 拡張パック ポケモンカード 4枚,"2,500",https://jp.mercari.com/item/m57825631149,2026-05-05T10:02:05.930291
2022年　Pokemon GO　御三家PROMO,"6,000",https://jp.mercari.com/item/m12613526051,2026-05-05T10:02:05.934964
ポケモンカード　ドリームリーグ　CHRまとめ売り,"1,200",https://jp.mercari.com/item/m66678602374,2026-05-05T10:02:05.938934
ゼニガメ カメール 旧裏,"1,200",https://jp.mercari.com/item/m77384769472,2026-05-05T10:02:05.942909
ニンジャスピナーAR,999,https://jp.mercari.com/item/m89779222139,2026-05-05T10:02:05.947299
ポケモンカード マスターボールミラー4枚セット,"2,200",https://jp.mercari.com/item/m96232563544,2026-05-05T10:02:05.951674
ポケモンカード neo プレミアムファイル,"10,700",https://jp.mercari.com/item/m82278797395,2026-05-05T10:02:05.955875
【海外限定】ポケモンカード ワタルのリザードンV 25th 英語版　2枚セット,"2,500",https://jp.mercari.com/item/m98902537064,2026-05-05T10:02:05.959913
ポケモンカード イシツブテ　ゴローン　ゴローニャ　旧裏,"1,500",https://jp.mercari.com/item/m46937234038,2026-05-05T10:02:05.964136
②ポケカ　ケロマツ　ゲコガシラ　ゲッコウガex R仕様　バトルアカデミー　svI,600,https://jp.mercari.com/item/m58100655101,2026-05-05T10:02:05.968595
ソルガレオ S8a 25th ANNIVERSARY 3枚,999,https://jp.mercari.com/item/m58216105339,2026-05-05T10:02:05.973086
ニャースex RR MEGA 拡張パック ムニキスゼロ 061/080 ２枚,"1,550",https://jp.mercari.com/item/m40996686320,2026-05-05T10:02:05.977253
ポケモンカード　メガガルーラex SR 1枚 RR ４枚 計５枚セット,"1,499",https://jp.mercari.com/item/m37919375997,2026-05-05T10:02:05.981739
ポケモンカードEXセット　20枚セット,"1,599",https://jp.mercari.com/item/m24744573758,2026-05-05T10:02:05.985906
ポケモンカードゲーム ムウマAR ピカチュウexRR,650,https://jp.mercari.com/item/m61056326317,2026-05-05T10:02:05.989996
ダークライV SLD スターターセットVSTAR 007/020 メルカリ便⭐️,"2,890",https://jp.mercari.com/item/m45570783938,2026-05-05T10:02:05.994219
ポケモンカード 基本エネルギー4枚セット,500,https://jp.mercari.com/item/m10093489328,2026-05-05T10:02:05.998623
ポケカ　ピカチュウ　スタートデッキ100 ノーマル3枚セット,"3,000",https://jp.mercari.com/item/m66942160338,2026-05-05T10:02:06.002925
【ポケモンカードゲーム】ポケモンいれかえ各種,799,https://jp.mercari.com/item/m57245524607,2026-05-05T10:02:06.007085
ポケカ　ブースター　グレイシアRR 他イーブイ進化系　テラスタルフェスまとめ売り,777,https://jp.mercari.com/item/m70270940941,2026-05-05T10:02:06.011186
リザードンEX (001/021) MリザードンEX (002/021),300,https://jp.mercari.com/item/m29079283500,2026-05-05T10:02:06.015604
ピカチュウ C S10b Pokémon GO 027/071 4枚,300,https://jp.mercari.com/item/m95646139493,2026-05-05T10:02:06.019798
Nのゾロアークex(131/100)[UR]【SV9】【ポケカ】【ポケモンカード】,"2,480",https://e.eagle-insight.com/redirect?acid=CBujj8RkXacveqXNAmt5w9&aucid=uquh4WBkRz9DSWZZf2gej5-1&cid=yDXExaXuh7rrkRXevPCFY5&eis=587f92cbca21dbfd4e30a5e09723daa3fdd87652d9dfd71b6c45053ef7d55954&itemid=JVC9ma9qtWRBiShj5PvhTe&rurl=https%3A%2F%2Fpokemon.fukufukutoreka.com%2Fproducts%2Fdetail%2F13878%3F_egl-prm%3DeyJfZWdsLXRpZCI6ImUyQnhOalNmZk1mVUNqeDJDTFVwcmMiLCJfZWdsLXVpZCI6InBXYWNMNXY3QWZNaGk4eW9tRm1lb1AiLCJfZWdsLWF1Y2lkIjoidXF1aDRXQmtSejlEU1daWmYyZ2VqNS0xIiwiX2VnbC1hZGlkIjoiSlZDOW1hOXF0V1JCaVNoajVQdmhUZSJ9%26utm_source%3Dmercari%26utm_medium%3Dproduct%26utm_campaign%3DNLS_mercari_product%26utm_content%3Dmercari&tid=e2BxNjSffMfUCjx2CLUprc&uid=pWacL5v7AfMhi8yomFmeoP,2026-05-05T10:02:06.023932
ミュウVMAX(054/172)[RRR]【S12a】【ポケカ】【ポケモンカード】,980,https://e.eagle-insight.com/redirect?acid=CBujj8RkXacveqXNAmt5w9&aucid=uquh4WBkRz9DSWZZf2gej5-1&cid=fxmDRXM95br8zSghsL4RoQ&eis=3471463021f7cea316991b65acf33699e2b7c1ec00c125a7c8988ba9855df6c7&itemid=yJnDeLbvbYbZ2JTGQHUGpJ&rurl=https%3A%2F%2Fpokemon.fukufukutoreka.com%2Fproducts%2Fdetail%2F1364%3F_egl-prm%3DeyJfZWdsLXRpZCI6ImUyQnhOalNmZk1mVUNqeDJDTFVwcmMiLCJfZWdsLXVpZCI6ImJNRlg2M0FRZm00TlM2akVOcDVNQiIsIl9lZ2wtYXVjaWQiOiJ1cXVoNFdCa1J6OURTV1paZjJnZWo1LTEiLCJfZWdsLWFkaWQiOiJ5Sm5EZUxidmJZYloySlRHUUhVR3BKIn0%253D%26utm_source%3Dmercari%26utm_medium%3Dproduct%26utm_campaign%3DNLS_mercari_product%26utm_content%3Dmercari&tid=e2BxNjSffMfUCjx2CLUprc&uid=bMFX63AQfm4NS6jENp5MB,2026-05-05T10:02:06.028046
ミジュマル[マスターボールミラー](018/086)[C]【SV11W】【ポケカ】【ポケモンカード】,380,https://e.eagle-insight.com/redirect?acid=CBujj8RkXacveqXNAmt5w9&aucid=uquh4WBkRz9DSWZZf2gej5-1&cid=tvRiKddvdTpfSdrz9XXgXk&eis=fbe9600a096424c2a0cbd394a1020c71589ccf7a53340022d89d9ca9e81674d6&itemid=fxjErTZCmqvZdWP2thvrFk&rurl=https%3A%2F%2Fpokemon.fukufukutoreka.com%2Fproducts%2Fdetail%2F16479%3F_egl-prm%3DeyJfZWdsLXRpZCI6ImUyQnhOalNmZk1mVUNqeDJDTFVwcmMiLCJfZWdsLXVpZCI6ImJ5NjN4YUtLZWhhVW14U0syWkZ5R2oiLCJfZWdsLWF1Y2lkIjoidXF1aDRXQmtSejlEU1daWmYyZ2VqNS0xIiwiX2VnbC1hZGlkIjoiZnhqRXJUWkNtcXZaZFdQMnRodnJGayJ9%26utm_source%3Dmercari%26utm_medium%3Dproduct%26utm_campaign%3DNLS_mercari_product%26utm_content%3Dmercari&tid=e2BxNjSffMfUCjx2CLUprc&uid=by63xaKKehaUmxSK2ZFyGj,2026-05-05T10:02:06.032365
300円スタート 未開封ポケモンカード 熱風のアリーナ 30パックセット ポケカ,400,https://jp.mercari.com/item/m26005735059,2026-05-05T10:02:20.577267
ポケモンカード SAR UR,"1,200",https://jp.mercari.com/item/m81332221862,2026-05-05T10:02:20.582792
ポケモンカード 女の子サポート SR まとめ売り,500,https://jp.mercari.com/item/m37153822652,2026-05-05T10:02:20.587602
旧裏　ポケモンカード わるいハクリュー ミニリュウ セット,666,https://jp.mercari.com/item/m47624111380,2026-05-05T10:02:20.592194
ポケモンカード MA 4枚セット,600,https://jp.mercari.com/item/m99769975304,2026-05-05T10:02:20.596953
AZセットsar2枚,"1,100",https://jp.mercari.com/item/m35033805411,2026-05-05T10:02:20.601679
ゲンガー まとめ売り　27枚　071 094 027 048 035 023,"6,800",https://jp.mercari.com/item/m64782767153,2026-05-05T10:02:20.605970
25th ANNIVERSARY COLLECTION ピカチュウ,700,https://jp.mercari.com/item/m97632755729,2026-05-05T10:02:20.610385
ポケモンカード 旧裏 サンダース カスミのシードラ★ホロ 2枚セット キラ 初期,600,https://jp.mercari.com/item/m28838973038,2026-05-05T10:02:20.614752
メガアブソルSAR 1枚＋AR2枚 計3枚セット,700,https://jp.mercari.com/item/m12837293953,2026-05-05T10:02:20.618878
ミュウツーGX RR フーパ　プロモ　レックウザ　ラティアス&ラティオス,800,https://jp.mercari.com/item/m45017975575,2026-05-05T10:02:20.623115
ポケカ　メガゲッコウガex　進化ライン,888,https://jp.mercari.com/item/m39356093633,2026-05-05T10:02:20.627475
ピカチュウ R S10b Pokémon GO 028/071,700,https://jp.mercari.com/item/m48875726295,2026-05-05T10:02:20.632255
ポケカ ブイズ ジムプロモ,"1,099",https://jp.mercari.com/item/m53209083538,2026-05-05T10:02:20.636700
ポケモンカード　サポート14枚セット,"5,800",https://jp.mercari.com/item/m53913283479,2026-05-05T10:02:20.640988
ポケモンカード SSR シャイニートレジャー　セット,400,https://jp.mercari.com/item/m54075616078,2026-05-05T10:02:20.645383
フォッコ AR MEGA ニンジャスピナー 085/083 4枚セット ①,"1,650",https://jp.mercari.com/item/m94462892411,2026-05-05T10:02:20.649897
ポケモンカード 4枚セット,"1,111",https://jp.mercari.com/item/m47785482723,2026-05-05T10:02:20.654364
ポケモンカード モンボミラー ＆ アートレア,700,https://jp.mercari.com/item/m16041465717,2026-05-05T10:02:20.658693
ポケモンカード/ディアンシー/フラエッテ/ポケキュン,"2,700",https://jp.mercari.com/item/m31186616781,2026-05-05T10:02:20.663052
ポケモンカード　タッグオールスターズ　RRまとめ売り,700,https://jp.mercari.com/item/m61123169045,2026-05-05T10:02:20.667739
ポケモンカードセット シンオウのポケモン,"4,000",https://jp.mercari.com/item/m60355228899,2026-05-05T10:02:20.672432
ポケモンGOピカチュウ＋αセット,"4,900",https://jp.mercari.com/item/m57734326318,2026-05-05T10:02:20.677283
ポケカ　スタートデッキ100 バトルコレクション　ライチュウ　ミラー　3枚,999,https://jp.mercari.com/item/m99117146309,2026-05-05T10:02:20.681690
いっしょにフレンドバトル　草エネルギー　５枚セット　その３,"1,666",https://jp.mercari.com/item/m52535429297,2026-05-05T10:02:20.685905
ポケモンカード　ミュウツー,300,https://jp.mercari.com/item/m28482564904,2026-05-05T10:02:20.690088
ポケモンカード　ボスの指令　アカギ　SR 2枚セット,"3,400",https://jp.mercari.com/item/m25194162226,2026-05-05T10:02:20.694242
ポケモンカード　プロモポケパット4枚セット,"1,200",https://jp.mercari.com/item/m74937166845,2026-05-05T10:02:20.698689
ポケモンカード イルカマンGXなど4枚セット,400,https://jp.mercari.com/item/m61787692735,2026-05-05T10:02:20.703291
ポケカ レシラムex ゼクロムex ソウブレイズex RR3枚セット,400,https://jp.mercari.com/item/m12186919133,2026-05-05T10:02:20.707681
ポケモンカード ブイズ　15枚セット,"3,200",https://jp.mercari.com/item/m85430635238,2026-05-05T10:02:20.711880
ピカチュウ 4枚セット クレイバーストポケカ,580,https://jp.mercari.com/item/m52383621188,2026-05-05T10:02:20.716530
ポケモンカード ポケパッド 8枚 M3,"1,090",https://jp.mercari.com/shops/product/2JP9wjWjzKk9D9Wo5m5M7N,2026-05-05T10:02:20.720804
「おまけ付き」イーブイ ● 拡張パック 金の空、銀の海 079/106,300,https://jp.mercari.com/item/m63607077211,2026-05-05T10:02:20.724881
モンボミラー2枚,980,https://jp.mercari.com/item/m60344257179,2026-05-05T10:02:20.729326
イーブイ・シャワーズ ・ブースターchr,"4,544",https://jp.mercari.com/item/m99350463948,2026-05-05T10:02:20.733724
ポケモンカード　メガディアンシーex ma,"1,333",https://jp.mercari.com/item/m17479221255,2026-05-05T10:02:20.737850
ポケモンカードセット,400,https://jp.mercari.com/item/m84408171557,2026-05-05T10:02:20.742201
ポケモンカード まとめ売り ブイーズ9枚セット RR,500,https://jp.mercari.com/item/m85780275889,2026-05-05T10:02:20.746747
【大特価】ポケモンカード GX 8種8枚まとめ売り,"1,666",https://jp.mercari.com/item/m81631355969,2026-05-05T10:02:20.751041
tag team GX RR AR 100枚　ピカチュウ　レックウザ,"29,999",https://jp.mercari.com/item/m27965882655,2026-05-05T10:02:20.755229
ポケモンカード151 ライチュウ,350,https://jp.mercari.com/item/m54451537480,2026-05-05T10:02:20.759493
ポケモンカード　25th anniversary ルギア　ホウオウ　ミラー,"1,400",https://jp.mercari.com/item/m43173581100,2026-05-05T10:02:20.763928
ポケモンカードゲーム AR SR MA まとめ売り,700,https://jp.mercari.com/item/m47056364559,2026-05-05T10:02:20.768161
※3枚セット※わるいサンダース ブースター◆ 第4弾拡張パック ロケット団 旧裏,"1,980",https://jp.mercari.com/item/m64931401587,2026-05-05T10:02:20.772220
ポケモンカード コイル ソニックブーム 3枚セット　R 005/020,950,https://jp.mercari.com/item/m74183653448,2026-05-05T10:02:20.778880
ポケカ ニャースex RR MEGA ムニキスゼロ 061/080 おまけ付き,700,https://jp.mercari.com/item/m67118261385,2026-05-05T10:02:20.785220
汎用トレーナーズ 53枚まとめ売り ポケモンカード,300,https://jp.mercari.com/item/m16748577873,2026-05-05T10:02:20.791606
ポケカ　RR 43枚　まとめ売り,"1,399",https://jp.mercari.com/item/m70327301375,2026-05-05T10:02:20.797730
ミュウツーLv.Xセット,"2,500",https://jp.mercari.com/item/m77149406983,2026-05-05T10:02:20.802894
ポケモンフレンダ3枚セット！早い者勝ち！,"1,300",https://jp.mercari.com/item/m23750043620,2026-05-05T10:02:20.808661
ポケモンカード　VMAXクライマックス　CHRまとめ売り,"1,100",https://jp.mercari.com/item/m49816303752,2026-05-05T10:02:20.824240
ポケモンカード　旧裏　まとめ売り　赤緑青,780,https://jp.mercari.com/item/m62164092431,2026-05-05T10:02:20.829385
ポケモンカード ポケモンGO フシギダネ ヒトカゲ ゼニガメ 御三家 3枚セット,450,https://jp.mercari.com/item/m15172323655,2026-05-05T10:02:20.834802
匿名配送 メガシビルドンex 225/193 MA 3枚セット メガドリームex,"1,399",https://jp.mercari.com/item/m36705717070,2026-05-05T10:02:20.839338
リーリエの決心8枚セット,400,https://jp.mercari.com/item/m28997422610,2026-05-05T10:02:20.843721
ポケモンカード エーフィ　ブースター サンダース イーブイ,977,https://jp.mercari.com/item/m49491324777,2026-05-05T10:02:20.849963
ポケモンカードルギアまとめ売り,"5,499",https://jp.mercari.com/item/m32402612322,2026-05-05T10:02:20.854390
【ポケカ】ザシアンex RR 6枚,450,https://jp.mercari.com/item/m42136741225,2026-05-05T10:02:20.858922
ポケモンカード　AR 2枚セット,"1,800",https://jp.mercari.com/item/m74482616679,2026-05-05T10:02:20.862995
カイオーガ25th ディアルガ25th ルギア25th ☺︎,400,https://jp.mercari.com/item/m67857419753,2026-05-05T10:02:20.867429
ポケモンカードまとめ売り,750,https://jp.mercari.com/item/m32494606268,2026-05-05T10:02:20.872031
ポケモンカード ピカチュウ ライチュウ8枚セット,333,https://jp.mercari.com/item/m86999233116,2026-05-05T10:02:20.876138
AR3枚まとめ売り,888,https://jp.mercari.com/item/m52512803729,2026-05-05T10:02:20.880545
ミュウツーVSTAR V 051/172 050/172 035/068,600,https://jp.mercari.com/item/m13576824559,2026-05-05T10:02:20.885016
ポケモンカードVSTAR RRR まとめ売り,"1,555",https://jp.mercari.com/item/m55155188556,2026-05-05T10:02:20.889238
3枚セット　ゲッコウガRR・ゲコガシラ・ケロマツ ポケモンカード,"1,399",https://jp.mercari.com/item/m49235976730,2026-05-05T10:02:20.893510
ヒスイゾロアークvstar sar リーリエ　ミラー,"3,500",https://jp.mercari.com/item/m94248867709,2026-05-05T10:02:20.897939
ポケモンカード ミュウV RR s12α s8,999,https://jp.mercari.com/item/m61134782386,2026-05-05T10:02:20.902396
ポケモンカード コフーライ AR ムニキスゼロ　081/080 2枚セット,580,https://jp.mercari.com/item/m27485972730,2026-05-05T10:02:20.906663
T)ゲンガー S12a VSTARユニバース 048/172 キラカード 4枚,599,https://jp.mercari.com/item/m93327889949,2026-05-05T10:02:20.911131
ポケモンカードMEGA スタートデッキ100 ミラーマリルリex ノーマルマリル,"1,400",https://jp.mercari.com/item/m23914148961,2026-05-05T10:02:20.915788
ポケモンカード 15枚セット,"2,000",https://jp.mercari.com/item/m47465692922,2026-05-05T10:02:20.920068
キングドラ CHR S8b VMAXクライマックス 190/184他,999,https://jp.mercari.com/item/m69533720117,2026-05-05T10:02:20.924576
K かがやくシリーズ s9a s10a 5枚セット ポケカ,"1,299",https://jp.mercari.com/item/m90318686822,2026-05-05T10:02:20.929077
【特価】ミュウツー　150/165 ４枚セット　神イラスト,"1,580",https://jp.mercari.com/item/m79178765550,2026-05-05T10:02:20.933755
ポケモンカード　ニョロモ　ニョロゾ　ニョロトノ　ミラー　進化　全6枚,"1,888",https://jp.mercari.com/item/m75213952165,2026-05-05T10:02:20.937946
ロケット団Rミラー１１枚まとめ売り,"1,066",https://jp.mercari.com/item/m81355346148,2026-05-05T10:02:20.942241
ピカチュウ　げきとうスパーク　15枚197/SV-P,"4,500",https://jp.mercari.com/item/m26681975086,2026-05-05T10:02:20.946758
ポケモンカード　ゲッコウガv ミュウツーv　リザードン　人気rr16枚,"4,999",https://jp.mercari.com/item/m23688008348,2026-05-05T10:02:20.951077
ポケモンカード　トサキント　アズマオウ　進化ライン　お祭り会場　各4枚,300,https://jp.mercari.com/item/m32168883645,2026-05-05T10:02:20.955237
テツノイサハEX 3枚セット,400,https://jp.mercari.com/item/m94054920957,2026-05-05T10:02:20.959329
ゲンガー S4a シャイニースターV 071/190,"1,900",https://jp.mercari.com/item/m36797011636,2026-05-05T10:02:20.963507
ポケモンカード MEGAドリーム ミラー ロケット団　まとめ売り,"2,000",https://jp.mercari.com/item/m88061165948,2026-05-05T10:02:20.967905
リザードン R S10b Pokémon GO 010/071,"1,900",https://jp.mercari.com/item/m44004844851,2026-05-05T10:02:20.972161
ポケモンカード　ポケカ　GX EX SR HR まとめ売り,"3,777",https://jp.mercari.com/item/m15464602654,2026-05-05T10:02:20.976444
ムウマージex SR MEGA 拡張パック インフェルノX 097/080 2枚,"1,400",https://jp.mercari.com/item/m66847049173,2026-05-05T10:02:20.980867
【ややキズあり】ミュウツーソウルリンク U XY8 057/059 4枚セット①,"1,999",https://jp.mercari.com/item/m44917032129,2026-05-05T10:02:20.985187
ポケモンカードexまとめ売り,500,https://jp.mercari.com/item/m10309793072,2026-05-05T10:02:20.989277
ピカチュウ S8a 25th ANNIVERSARY【001/028】,"1,890",https://jp.mercari.com/item/m64094617956,2026-05-05T10:02:20.993898
コイキング S1a 020/070 VMAXライジング カナヘイ,"1,600",https://jp.mercari.com/item/m50622422658,2026-05-05T10:02:20.998427
ミロカロスex SAR ヒンバスAR まとめ売り 【美品】 ポケモンカードゲーム,"19,888",https://jp.mercari.com/item/m62697339594,2026-05-05T10:02:21.002887
旧裏 ポケモンカード 当時品 まとめ売りノーマル 15枚 まとめて,"4,500",https://jp.mercari.com/item/m44423472074,2026-05-05T10:02:21.006930
RR 100枚　まとめ売り,"3,333",https://jp.mercari.com/item/m64268496053,2026-05-05T10:02:21.011127
メガフラエッテex SR 2枚　099/083,899,https://jp.mercari.com/item/m76726896618,2026-05-05T10:02:21.015528
ポケモンフレンダ　スーパートレジャー,500,https://jp.mercari.com/item/m39130085387,2026-05-05T10:02:21.019609
カビゴン　まとめ売り,666,https://jp.mercari.com/item/m96041050840,2026-05-05T10:02:21.023614
ロスレイド・ジェイミ ポケモンカードセット,"1,800",https://jp.mercari.com/item/m53180187130,2026-05-05T10:02:21.027776
AR.ACE.SR23枚セット,"2,500",https://jp.mercari.com/item/m37827914943,2026-05-05T10:02:21.032151
旧裏ポケモンカードポケモンぎゃくしめい ● 拡張パック第1弾 金、銀、新世界へ…,777,https://jp.mercari.com/item/m16876218643,2026-05-05T10:02:21.036500
【旧裏】ヤドン ヤドラン 拡張パック ポケモンカード 4枚,"2,500",https://jp.mercari.com/item/m57825631149,2026-05-05T10:02:21.040685
ゼニガメ カメール 旧裏,"1,200",https://jp.mercari.com/item/m77384769472,2026-05-05T10:02:21.045163
2022年　Pokemon GO　御三家PROMO,"6,000",https://jp.mercari.com/item/m12613526051,2026-05-05T10:02:21.049897
ニンジャスピナーAR,999,https://jp.mercari.com/item/m89779222139,2026-05-05T10:02:21.053995
ポケモンカード neo プレミアムファイル,"10,700",https://jp.mercari.com/item/m82278797395,2026-05-05T10:02:21.058156
ポケモンカード　ドリームリーグ　CHRまとめ売り,"1,200",https://jp.mercari.com/item/m66678602374,2026-05-05T10:02:21.062238
【海外限定】ポケモンカード ワタルのリザードンV 25th 英語版　2枚セット,"2,500",https://jp.mercari.com/item/m98902537064,2026-05-05T10:02:21.066458
ポケモンカード イシツブテ　ゴローン　ゴローニャ　旧裏,"1,500",https://jp.mercari.com/item/m46937234038,2026-05-05T10:02:21.070457
ポケモンカード マスターボールミラー4枚セット,"2,200",https://jp.mercari.com/item/m96232563544,2026-05-05T10:02:21.074571
②ポケカ　ケロマツ　ゲコガシラ　ゲッコウガex R仕様　バトルアカデミー　svI,600,https://jp.mercari.com/item/m58100655101,2026-05-05T10:02:21.079206
ソルガレオ S8a 25th ANNIVERSARY 3枚,999,https://jp.mercari.com/item/m58216105339,2026-05-05T10:02:21.083683
ニャースex RR MEGA 拡張パック ムニキスゼロ 061/080 ２枚,"1,550",https://jp.mercari.com/item/m40996686320,2026-05-05T10:02:21.087779
ポケモンカード　メガガルーラex SR 1枚 RR ４枚 計５枚セット,"1,499",https://jp.mercari.com/item/m37919375997,2026-05-05T10:02:21.092010
ポケモンカードEXセット　20枚セット,"1,599",https://jp.mercari.com/item/m24744573758,2026-05-05T10:02:21.096128
ポケモンカードゲーム ムウマAR ピカチュウexRR,650,https://jp.mercari.com/item/m61056326317,2026-05-05T10:02:21.100687
ダークライV SLD スターターセットVSTAR 007/020 メルカリ便⭐️,"2,890",https://jp.mercari.com/item/m45570783938,2026-05-05T10:02:21.105061
ポケモンカード 基本エネルギー4枚セット,500,https://jp.mercari.com/item/m10093489328,2026-05-05T10:02:21.109121
【ポケモンカードゲーム】ポケモンいれかえ各種,799,https://jp.mercari.com/item/m57245524607,2026-05-05T10:02:21.113664
リザードンEX (001/021) MリザードンEX (002/021),300,https://jp.mercari.com/item/m29079283500,2026-05-05T10:02:21.117917
ピカチュウ C S10b Pokémon GO 027/071 4枚,300,https://jp.mercari.com/item/m95646139493,2026-05-05T10:02:21.122045
Nのゾロアークex(131/100)[UR]【SV9】【ポケカ】【ポケモンカード】,"2,480",https://e.eagle-insight.com/redirect?acid=CBujj8RkXacveqXNAmt5w9&aucid=BCqWDibiL8QoJp5WdN2eaK-1&cid=yDXExaXuh7rrkRXevPCFY5&eis=61730e7ccdacf0a121ea5e4fe2a33194a7848cbcb38ae98b4600837ff9e7d144&itemid=JVC9ma9qtWRBiShj5PvhTe&rurl=https%3A%2F%2Fpokemon.fukufukutoreka.com%2Fproducts%2Fdetail%2F13878%3F_egl-prm%3DeyJfZWdsLXRpZCI6InFhZ1Uzb1hqZ3VwdmR0VXdMRWpmbzMiLCJfZWdsLXVpZCI6IkFnU2hZTnprbU1lcFRlWHVuQ29FREoiLCJfZWdsLWF1Y2lkIjoiQkNxV0RpYmlMOFFvSnA1V2ROMmVhSy0xIiwiX2VnbC1hZGlkIjoiSlZDOW1hOXF0V1JCaVNoajVQdmhUZSJ9%26utm_source%3Dmercari%26utm_medium%3Dproduct%26utm_campaign%3DNLS_mercari_product%26utm_content%3Dmercari&tid=qagU3oXjgupvdtUwLEjfo3&uid=AgShYNzkmMepTeXunCoEDJ,2026-05-05T10:02:21.126288
ミュウVMAX(054/172)[RRR]【S12a】【ポケカ】【ポケモンカード】,980,https://e.eagle-insight.com/redirect?acid=CBujj8RkXacveqXNAmt5w9&aucid=BCqWDibiL8QoJp5WdN2eaK-1&cid=fxmDRXM95br8zSghsL4RoQ&eis=bac8fcfbca2513dc9015f37aab863f735571249d8e648c3c4d4d61141743510c&itemid=yJnDeLbvbYbZ2JTGQHUGpJ&rurl=https%3A%2F%2Fpokemon.fukufukutoreka.com%2Fproducts%2Fdetail%2F1364%3F_egl-prm%3DeyJfZWdsLXRpZCI6InFhZ1Uzb1hqZ3VwdmR0VXdMRWpmbzMiLCJfZWdsLXVpZCI6InBtVGt6TDRoelJqS3pqalZXN3h5RVoiLCJfZWdsLWF1Y2lkIjoiQkNxV0RpYmlMOFFvSnA1V2ROMmVhSy0xIiwiX2VnbC1hZGlkIjoieUpuRGVMYnZiWWJaMkpUR1FIVUdwSiJ9%26utm_source%3Dmercari%26utm_medium%3Dproduct%26utm_campaign%3DNLS_mercari_product%26utm_content%3Dmercari&tid=qagU3oXjgupvdtUwLEjfo3&uid=pmTkzL4hzRjKzjjVW7xyEZ,2026-05-05T10:02:21.130612
ミジュマル[マスターボールミラー](018/086)[C]【SV11W】【ポケカ】【ポケモンカード】,380,https://e.eagle-insight.com/redirect?acid=CBujj8RkXacveqXNAmt5w9&aucid=BCqWDibiL8QoJp5WdN2eaK-1&cid=tvRiKddvdTpfSdrz9XXgXk&eis=ea74fce35ab262fcb6f3f585057762da01272cb8aa8045ce86db73c6777d88ff&itemid=fxjErTZCmqvZdWP2thvrFk&rurl=https%3A%2F%2Fpokemon.fukufukutoreka.com%2Fproducts%2Fdetail%2F16479%3F_egl-prm%3DeyJfZWdsLXRpZCI6InFhZ1Uzb1hqZ3VwdmR0VXdMRWpmbzMiLCJfZWdsLXVpZCI6Imh2eUc0a1hiNGM5V1ZvYWs3V3JYaDkiLCJfZWdsLWF1Y2lkIjoiQkNxV0RpYmlMOFFvSnA1V2ROMmVhSy0xIiwiX2VnbC1hZGlkIjoiZnhqRXJUWkNtcXZaZFdQMnRodnJGayJ9%26utm_source%3Dmercari%26utm_medium%3Dproduct%26utm_campaign%3DNLS_mercari_product%26utm_content%3Dmercari&tid=qagU3oXjgupvdtUwLEjfo3&uid=hvyG4kXb4c9WVoak7WrXh9,2026-05-05T10:02:21.134851
300円スタート 未開封ポケモンカード 熱風のアリーナ 30パックセット ポケカ,400,https://jp.mercari.com/item/m26005735059,2026-05-05T10:02:35.678499
ポケモンカード SAR UR,"1,200",https://jp.mercari.com/item/m81332221862,2026-05-05T10:02:35.683564
ポケモンカード 女の子サポート SR まとめ売り,500,https://jp.mercari.com/item/m37153822652,2026-05-05T10:02:35.688551
旧裏　ポケモンカード わるいハクリュー ミニリュウ セット,666,https://jp.mercari.com/item/m47624111380,2026-05-05T10:02:35.693400
ポケモンカード MA 4枚セット,600,https://jp.mercari.com/item/m99769975304,2026-05-05T10:02:35.698320
AZセットsar2枚,"1,100",https://jp.mercari.com/item/m35033805411,2026-05-05T10:02:35.703141
25th ANNIVERSARY COLLECTION ピカチュウ,700,https://jp.mercari.com/item/m97632755729,2026-05-05T10:02:35.707469
ポケモンカード 旧裏 サンダース カスミのシードラ★ホロ 2枚セット キラ 初期,600,https://jp.mercari.com/item/m28838973038,2026-05-05T10:02:35.712732
ゲンガー まとめ売り　27枚　071 094 027 048 035 023,"6,800",https://jp.mercari.com/item/m64782767153,2026-05-05T10:02:35.717197
メガアブソルSAR 1枚＋AR2枚 計3枚セット,700,https://jp.mercari.com/item/m12837293953,2026-05-05T10:02:35.721959
ミュウツーGX RR フーパ　プロモ　レックウザ　ラティアス&ラティオス,800,https://jp.mercari.com/item/m45017975575,2026-05-05T10:02:35.726335
ポケカ　メガゲッコウガex　進化ライン,888,https://jp.mercari.com/item/m39356093633,2026-05-05T10:02:35.730910
ピカチュウ R S10b Pokémon GO 028/071,700,https://jp.mercari.com/item/m48875726295,2026-05-05T10:02:35.735724
ポケカ ブイズ ジムプロモ,"1,099",https://jp.mercari.com/item/m53209083538,2026-05-05T10:02:35.740235
【希少】ダークファンタズマピカチュウなどまとめ売り,600,https://jp.mercari.com/item/m78907106197,2026-05-05T10:02:35.744471
ポケモンカード SSR シャイニートレジャー　セット,400,https://jp.mercari.com/item/m54075616078,2026-05-05T10:02:35.750001
ポケモンカード　サポート14枚セット,"5,800",https://jp.mercari.com/item/m53913283479,2026-05-05T10:02:35.754572
フォッコ AR MEGA ニンジャスピナー 085/083 4枚セット ①,"1,650",https://jp.mercari.com/item/m94462892411,2026-05-05T10:02:35.759231
ポケモンカード モンボミラー ＆ アートレア,700,https://jp.mercari.com/item/m16041465717,2026-05-05T10:02:35.763793
ポケモンカード/ディアンシー/フラエッテ/ポケキュン,"2,700",https://jp.mercari.com/item/m31186616781,2026-05-05T10:02:35.768343
ポケモンカード 4枚セット,"1,111",https://jp.mercari.com/item/m47785482723,2026-05-05T10:02:35.773198
ポケモンカードセット シンオウのポケモン,"4,000",https://jp.mercari.com/item/m60355228899,2026-05-05T10:02:35.777363
ポケモンカード　タッグオールスターズ　RRまとめ売り,700,https://jp.mercari.com/item/m61123169045,2026-05-05T10:02:35.782375
ポケカ　スタートデッキ100 バトルコレクション　ライチュウ　ミラー　3枚,999,https://jp.mercari.com/item/m99117146309,2026-05-05T10:02:35.787279
ポケモンGOピカチュウ＋αセット,"4,900",https://jp.mercari.com/item/m57734326318,2026-05-05T10:02:35.791330
いっしょにフレンドバトル　草エネルギー　５枚セット　その３,"1,666",https://jp.mercari.com/item/m52535429297,2026-05-05T10:02:35.795893
ポケモンカード　ミュウツー,300,https://jp.mercari.com/item/m28482564904,2026-05-05T10:02:35.800359
ポケモンカード　ボスの指令　アカギ　SR 2枚セット,"3,400",https://jp.mercari.com/item/m25194162226,2026-05-05T10:02:35.804522
ポケモンカード　プロモポケパット4枚セット,"1,200",https://jp.mercari.com/item/m74937166845,2026-05-05T10:02:35.809233
ポケモンカード イルカマンGXなど4枚セット,400,https://jp.mercari.com/item/m61787692735,2026-05-05T10:02:35.813827
ポケモンカード ブイズ　15枚セット,"3,200",https://jp.mercari.com/item/m85430635238,2026-05-05T10:02:35.817976
ポケカ レシラムex ゼクロムex ソウブレイズex RR3枚セット,400,https://jp.mercari.com/item/m12186919133,2026-05-05T10:02:35.822689
ピカチュウ 4枚セット クレイバーストポケカ,580,https://jp.mercari.com/item/m52383621188,2026-05-05T10:02:35.826964
ポケモンカード ポケパッド 8枚 M3,"1,090",https://jp.mercari.com/shops/product/2JP9wjWjzKk9D9Wo5m5M7N,2026-05-05T10:02:35.831878
ポケモンカードセット,400,https://jp.mercari.com/item/m84408171557,2026-05-05T10:02:35.836047
ポケモンカード まとめ売り ブイーズ9枚セット RR,500,https://jp.mercari.com/item/m85780275889,2026-05-05T10:02:35.840015
モンボミラー2枚,980,https://jp.mercari.com/item/m60344257179,2026-05-05T10:02:35.844735
ポケモンカード　メガディアンシーex ma,"1,333",https://jp.mercari.com/item/m17479221255,2026-05-05T10:02:35.849176
イーブイ・シャワーズ ・ブースターchr,"4,544",https://jp.mercari.com/item/m99350463948,2026-05-05T10:02:35.853410
【大特価】ポケモンカード GX 8種8枚まとめ売り,"1,666",https://jp.mercari.com/item/m81631355969,2026-05-05T10:02:35.858308
「おまけ付き」イーブイ ● 拡張パック 金の空、銀の海 079/106,300,https://jp.mercari.com/item/m63607077211,2026-05-05T10:02:35.862651
ポケモンカードゲーム AR SR MA まとめ売り,700,https://jp.mercari.com/item/m47056364559,2026-05-05T10:02:35.868126
ポケモンカード151 ライチュウ,350,https://jp.mercari.com/item/m54451537480,2026-05-05T10:02:35.872819
ポケモンカード　25th anniversary ルギア　ホウオウ　ミラー,"1,400",https://jp.mercari.com/item/m43173581100,2026-05-05T10:02:35.877222
※3枚セット※わるいサンダース ブースター◆ 第4弾拡張パック ロケット団 旧裏,"1,980",https://jp.mercari.com/item/m64931401587,2026-05-05T10:02:35.882226
ポケモンカード コイル ソニックブーム 3枚セット　R 005/020,950,https://jp.mercari.com/item/m74183653448,2026-05-05T10:02:35.886396
ポケカ ニャースex RR MEGA ムニキスゼロ 061/080 おまけ付き,700,https://jp.mercari.com/item/m67118261385,2026-05-05T10:02:35.890398
汎用トレーナーズ 53枚まとめ売り ポケモンカード,300,https://jp.mercari.com/item/m16748577873,2026-05-05T10:02:35.895467
ポケカ　RR 43枚　まとめ売り,"1,399",https://jp.mercari.com/item/m70327301375,2026-05-05T10:02:35.900037
ミュウツーLv.Xセット,"2,500",https://jp.mercari.com/item/m77149406983,2026-05-05T10:02:35.904831
ポケモンカード　旧裏　まとめ売り　赤緑青,780,https://jp.mercari.com/item/m62164092431,2026-05-05T10:02:35.909194
ポケモンフレンダ3枚セット！早い者勝ち！,"1,300",https://jp.mercari.com/item/m23750043620,2026-05-05T10:02:35.913336
ポケモンカード ポケモンGO フシギダネ ヒトカゲ ゼニガメ 御三家 3枚セット,450,https://jp.mercari.com/item/m15172323655,2026-05-05T10:02:35.918224
ポケモンカード　VMAXクライマックス　CHRまとめ売り,"1,100",https://jp.mercari.com/item/m49816303752,2026-05-05T10:02:35.922520
匿名配送 メガシビルドンex 225/193 MA 3枚セット メガドリームex,"1,399",https://jp.mercari.com/item/m36705717070,2026-05-05T10:02:35.926627
リーリエの決心8枚セット,400,https://jp.mercari.com/item/m28997422610,2026-05-05T10:02:35.932344
【ポケカ】ザシアンex RR 6枚,450,https://jp.mercari.com/item/m42136741225,2026-05-05T10:02:35.936611
ポケモンカードルギアまとめ売り,"5,499",https://jp.mercari.com/item/m32402612322,2026-05-05T10:02:35.941242
カイオーガ25th ディアルガ25th ルギア25th ☺︎,400,https://jp.mercari.com/item/m67857419753,2026-05-05T10:02:35.945536
ポケカ　トレーナー　カナリィSAR SR セット,"6,000",https://jp.mercari.com/item/m13723437018,2026-05-05T10:02:35.949834
ポケモンカードまとめ売り,750,https://jp.mercari.com/item/m32494606268,2026-05-05T10:02:35.954649
ポケモンカード エーフィ　ブースター サンダース イーブイ,977,https://jp.mercari.com/item/m49491324777,2026-05-05T10:02:35.958785
ポケモンカード　AR 2枚セット,"1,800",https://jp.mercari.com/item/m74482616679,2026-05-05T10:02:35.963263
ポケモンカード ピカチュウ ライチュウ8枚セット,333,https://jp.mercari.com/item/m86999233116,2026-05-05T10:02:35.968073
tag team GX RR AR 100枚　ピカチュウ　レックウザ,"29,999",https://jp.mercari.com/item/m27965882655,2026-05-05T10:02:35.972331
AR3枚まとめ売り,888,https://jp.mercari.com/item/m52512803729,2026-05-05T10:02:35.976962
ミュウツーVSTAR V 051/172 050/172 035/068,600,https://jp.mercari.com/item/m13576824559,2026-05-05T10:02:35.981520
ポケモンカードVSTAR RRR まとめ売り,"1,555",https://jp.mercari.com/item/m55155188556,2026-05-05T10:02:35.985539
3枚セット　ゲッコウガRR・ゲコガシラ・ケロマツ ポケモンカード,"1,399",https://jp.mercari.com/item/m49235976730,2026-05-05T10:02:35.990144
ポケモンカード ミュウV RR s12α s8,999,https://jp.mercari.com/item/m61134782386,2026-05-05T10:02:35.994457
T)ゲンガー S12a VSTARユニバース 048/172 キラカード 4枚,599,https://jp.mercari.com/item/m93327889949,2026-05-05T10:02:35.998982
ポケモンカード コフーライ AR ムニキスゼロ　081/080 2枚セット,580,https://jp.mercari.com/item/m27485972730,2026-05-05T10:02:36.004032
ポケモンカード 15枚セット,"2,000",https://jp.mercari.com/item/m47465692922,2026-05-05T10:02:36.008323
ポケモンカードMEGA スタートデッキ100 ミラーマリルリex ノーマルマリル,"1,400",https://jp.mercari.com/item/m23914148961,2026-05-05T10:02:36.012955
ポケモンカード　メガガルーラex SR 1枚 RR ４枚 計５枚セット,"1,499",https://jp.mercari.com/item/m37919375997,2026-05-05T10:02:36.017342
【特価】ミュウツー　150/165 ４枚セット　神イラスト,"1,580",https://jp.mercari.com/item/m79178765550,2026-05-05T10:02:36.021501
キングドラ CHR S8b VMAXクライマックス 190/184他,999,https://jp.mercari.com/item/m69533720117,2026-05-05T10:02:36.026068
ロケット団Rミラー１１枚まとめ売り,"1,066",https://jp.mercari.com/item/m81355346148,2026-05-05T10:02:36.030558
K かがやくシリーズ s9a s10a 5枚セット ポケカ,"1,299",https://jp.mercari.com/item/m90318686822,2026-05-05T10:02:36.034730
ポケモンカード　ニョロモ　ニョロゾ　ニョロトノ　ミラー　進化　全6枚,"1,888",https://jp.mercari.com/item/m75213952165,2026-05-05T10:02:36.039462
ヒスイゾロアークvstar sar リーリエ　ミラー,"3,500",https://jp.mercari.com/item/m94248867709,2026-05-05T10:02:36.043478
ピカチュウ　げきとうスパーク　15枚197/SV-P,"4,500",https://jp.mercari.com/item/m26681975086,2026-05-05T10:02:36.048259
ポケモンカード　ゲッコウガv ミュウツーv　リザードン　人気rr16枚,"4,999",https://jp.mercari.com/item/m23688008348,2026-05-05T10:02:36.052600
ウパー SM9a ナイトユニゾン 021/055 4枚セット,499,https://jp.mercari.com/item/m95224863113,2026-05-05T10:02:36.056724
ポケモンカード　トサキント　アズマオウ　進化ライン　お祭り会場　各4枚,300,https://jp.mercari.com/item/m32168883645,2026-05-05T10:02:36.061188
テツノイサハEX 3枚セット,400,https://jp.mercari.com/item/m94054920957,2026-05-05T10:02:36.065789
ゲンガー S4a シャイニースターV 071/190,"1,900",https://jp.mercari.com/item/m36797011636,2026-05-05T10:02:36.070023
リザードン R S10b Pokémon GO 010/071,"1,900",https://jp.mercari.com/item/m44004844851,2026-05-05T10:02:36.074803
ポケモンカード　ポケカ　GX EX SR HR まとめ売り,"3,777",https://jp.mercari.com/item/m15464602654,2026-05-05T10:02:36.079030
ムウマージex SR MEGA 拡張パック インフェルノX 097/080 2枚,"1,400",https://jp.mercari.com/item/m66847049173,2026-05-05T10:02:36.083846
ポケモンカード MEGAドリーム ミラー ロケット団　まとめ売り,"2,000",https://jp.mercari.com/item/m88061165948,2026-05-05T10:02:36.088015
ポケモンカードexまとめ売り,500,https://jp.mercari.com/item/m10309793072,2026-05-05T10:02:36.092164
【ややキズあり】ミュウツーソウルリンク U XY8 057/059 4枚セット①,"1,999",https://jp.mercari.com/item/m44917032129,2026-05-05T10:02:36.097206
コイキング S1a 020/070 VMAXライジング カナヘイ,"1,600",https://jp.mercari.com/item/m50622422658,2026-05-05T10:02:36.101395
ピカチュウ S8a 25th ANNIVERSARY【001/028】,"1,890",https://jp.mercari.com/item/m64094617956,2026-05-05T10:02:36.105545
メガフラエッテex SR 2枚　099/083,899,https://jp.mercari.com/item/m76726896618,2026-05-05T10:02:36.110322
RR 100枚　まとめ売り,"3,333",https://jp.mercari.com/item/m64268496053,2026-05-05T10:02:36.114745
旧裏 ポケモンカード 当時品 まとめ売りノーマル 15枚 まとめて,"4,500",https://jp.mercari.com/item/m44423472074,2026-05-05T10:02:36.119269
ミロカロスex SAR ヒンバスAR まとめ売り 【美品】 ポケモンカードゲーム,"19,888",https://jp.mercari.com/item/m62697339594,2026-05-05T10:02:36.123595
ポケモンフレンダ　スーパートレジャー,500,https://jp.mercari.com/item/m39130085387,2026-05-05T10:02:36.127807
AR.ACE.SR23枚セット,"2,500",https://jp.mercari.com/item/m37827914943,2026-05-05T10:02:36.132652
旧裏ポケモンカードポケモンぎゃくしめい ● 拡張パック第1弾 金、銀、新世界へ…,777,https://jp.mercari.com/item/m16876218643,2026-05-05T10:02:36.136800
ゼニガメ カメール 旧裏,"1,200",https://jp.mercari.com/item/m77384769472,2026-05-05T10:02:36.141043
ロスレイド・ジェイミ ポケモンカードセット,"1,800",https://jp.mercari.com/item/m53180187130,2026-05-05T10:02:36.145939
【旧裏】ヤドン ヤドラン 拡張パック ポケモンカード 4枚,"2,500",https://jp.mercari.com/item/m57825631149,2026-05-05T10:02:36.150412
ポケモンカード neo プレミアムファイル,"10,700",https://jp.mercari.com/item/m82278797395,2026-05-05T10:02:36.154888
ポケモンカード　ドリームリーグ　CHRまとめ売り,"1,200",https://jp.mercari.com/item/m66678602374,2026-05-05T10:02:36.159116
【海外限定】ポケモンカード ワタルのリザードンV 25th 英語版　2枚セット,"2,500",https://jp.mercari.com/item/m98902537064,2026-05-05T10:02:36.163465
ポケモンカード イシツブテ　ゴローン　ゴローニャ　旧裏,"1,500",https://jp.mercari.com/item/m46937234038,2026-05-05T10:02:36.168301
②ポケカ　ケロマツ　ゲコガシラ　ゲッコウガex R仕様　バトルアカデミー　svI,600,https://jp.mercari.com/item/m58100655101,2026-05-05T10:02:36.172565
ポケモンカード マスターボールミラー4枚セット,"2,200",https://jp.mercari.com/item/m96232563544,2026-05-05T10:02:36.176823
ソルガレオ S8a 25th ANNIVERSARY 3枚,999,https://jp.mercari.com/item/m58216105339,2026-05-05T10:02:36.181790
ニンジャスピナーAR,999,https://jp.mercari.com/item/m89779222139,2026-05-05T10:02:36.185929
ニャースex RR MEGA 拡張パック ムニキスゼロ 061/080 ２枚,"1,550",https://jp.mercari.com/item/m40996686320,2026-05-05T10:02:36.190504
ポケモンカードEXセット　20枚セット,"1,599",https://jp.mercari.com/item/m24744573758,2026-05-05T10:02:36.194801
ダークライV SLD スターターセットVSTAR 007/020 メルカリ便⭐️,"2,890",https://jp.mercari.com/item/m45570783938,2026-05-05T10:02:36.199253
ポケモンカードゲーム ムウマAR ピカチュウexRR,650,https://jp.mercari.com/item/m61056326317,2026-05-05T10:02:36.203813
【ポケモンカードゲーム】ポケモンいれかえ各種,799,https://jp.mercari.com/item/m57245524607,2026-05-05T10:02:36.207871
リザードンEX (001/021) MリザードンEX (002/021),300,https://jp.mercari.com/item/m29079283500,2026-05-05T10:02:36.211962
ピカチュウ C S10b Pokémon GO 027/071 4枚,300,https://jp.mercari.com/item/m95646139493,2026-05-05T10:02:36.217125
Nのゾロアークex(131/100)[UR]【SV9】【ポケカ】【ポケモンカード】,"2,480",https://e.eagle-insight.com/redirect?acid=CBujj8RkXacveqXNAmt5w9&aucid=Y7BPqRpxyoPB3uwRRK6aXE-1&cid=yDXExaXuh7rrkRXevPCFY5&eis=83d5b201ecba6dbbeb155ff1de946eff25e82458eb3af1985f3e80e7fd867d1d&itemid=JVC9ma9qtWRBiShj5PvhTe&rurl=https%3A%2F%2Fpokemon.fukufukutoreka.com%2Fproducts%2Fdetail%2F13878%3F_egl-prm%3DeyJfZWdsLXRpZCI6InFhZ1Uzb1hqZ3VwdmR0VXdMRWpmbzMiLCJfZWdsLXVpZCI6IjZ1WWFaR2lVNmNvS1NpNVBhRUFVWlgiLCJfZWdsLWF1Y2lkIjoiWTdCUHFScHh5b1BCM3V3UlJLNmFYRS0xIiwiX2VnbC1hZGlkIjoiSlZDOW1hOXF0V1JCaVNoajVQdmhUZSJ9%26utm_source%3Dmercari%26utm_medium%3Dproduct%26utm_campaign%3DNLS_mercari_product%26utm_content%3Dmercari&tid=qagU3oXjgupvdtUwLEjfo3&uid=6uYaZGiU6coKSi5PaEAUZX,2026-05-05T10:02:36.221311
ミュウVMAX(054/172)[RRR]【S12a】【ポケカ】【ポケモンカード】,980,https://e.eagle-insight.com/redirect?acid=CBujj8RkXacveqXNAmt5w9&aucid=Y7BPqRpxyoPB3uwRRK6aXE-1&cid=fxmDRXM95br8zSghsL4RoQ&eis=152123c5189f11740139c6f5e1522338ebf187a668f0bce065698d31b06f2cf9&itemid=yJnDeLbvbYbZ2JTGQHUGpJ&rurl=https%3A%2F%2Fpokemon.fukufukutoreka.com%2Fproducts%2Fdetail%2F1364%3F_egl-prm%3DeyJfZWdsLXRpZCI6InFhZ1Uzb1hqZ3VwdmR0VXdMRWpmbzMiLCJfZWdsLXVpZCI6IlBVZkJUOXJMNXY2eFF2d05NQ3JVRFMiLCJfZWdsLWF1Y2lkIjoiWTdCUHFScHh5b1BCM3V3UlJLNmFYRS0xIiwiX2VnbC1hZGlkIjoieUpuRGVMYnZiWWJaMkpUR1FIVUdwSiJ9%26utm_source%3Dmercari%26utm_medium%3Dproduct%26utm_campaign%3DNLS_mercari_product%26utm_content%3Dmercari&tid=qagU3oXjgupvdtUwLEjfo3&uid=PUfBT9rL5v6xQvwNMCrUDS,2026-05-05T10:02:36.225736
ミジュマル[マスターボールミラー](018/086)[C]【SV11W】【ポケカ】【ポケモンカード】,380,https://e.eagle-insight.com/redirect?acid=CBujj8RkXacveqXNAmt5w9&aucid=Y7BPqRpxyoPB3uwRRK6aXE-1&cid=tvRiKddvdTpfSdrz9XXgXk&eis=c28ecee48c25745a28158ac0624f845af3643e88271802705b0aec32bef55814&itemid=fxjErTZCmqvZdWP2thvrFk&rurl=https%3A%2F%2Fpokemon.fukufukutoreka.com%2Fproducts%2Fdetail%2F16479%3F_egl-prm%3DeyJfZWdsLXRpZCI6InFhZ1Uzb1hqZ3VwdmR0VXdMRWpmbzMiLCJfZWdsLXVpZCI6ImJlaGQzZW1tOWpyRXFCYXdrYXVIUGsiLCJfZWdsLWF1Y2lkIjoiWTdCUHFScHh5b1BCM3V3UlJLNmFYRS0xIiwiX2VnbC1hZGlkIjoiZnhqRXJUWkNtcXZaZFdQMnRodnJGayJ9%26utm_source%3Dmercari%26utm_medium%3Dproduct%26utm_campaign%3DNLS_mercari_product%26utm_content%3Dmercari&tid=qagU3oXjgupvdtUwLEjfo3&uid=behd3emm9jrEqBawkauHPk,2026-05-05T10:02:36.230039
300円スタート 未開封ポケモンカード 熱風のアリーナ 30パックセット ポケカ,400,https://jp.mercari.com/item/m26005735059,2026-05-05T10:02:50.879682
ポケモンカード SAR UR,"1,200",https://jp.mercari.com/item/m81332221862,2026-05-05T10:02:50.884779
ポケモンGOピカチュウ＋αセット,"4,900",https://jp.mercari.com/item/m57734326318,2026-05-05T10:02:50.889489
ポケモンカード 女の子サポート SR まとめ売り,500,https://jp.mercari.com/item/m37153822652,2026-05-05T10:02:50.894148
AZセットsar2枚,"1,100",https://jp.mercari.com/item/m35033805411,2026-05-05T10:02:50.898767
旧裏　ポケモンカード わるいハクリュー ミニリュウ セット,666,https://jp.mercari.com/item/m47624111380,2026-05-05T10:02:50.903038
ポケモンカード MA 4枚セット,600,https://jp.mercari.com/item/m99769975304,2026-05-05T10:02:50.907303
ポケモンカード 旧裏 サンダース カスミのシードラ★ホロ 2枚セット キラ 初期,600,https://jp.mercari.com/item/m28838973038,2026-05-05T10:02:50.911802
25th ANNIVERSARY COLLECTION ピカチュウ,700,https://jp.mercari.com/item/m97632755729,2026-05-05T10:02:50.916163
ミュウツーGX RR フーパ　プロモ　レックウザ　ラティアス&ラティオス,800,https://jp.mercari.com/item/m45017975575,2026-05-05T10:02:50.920433
ピカチュウ R S10b Pokémon GO 028/071,700,https://jp.mercari.com/item/m48875726295,2026-05-05T10:02:50.924783
ポケカ　メガゲッコウガex　進化ライン,888,https://jp.mercari.com/item/m39356093633,2026-05-05T10:02:50.929386
メガアブソルSAR 1枚＋AR2枚 計3枚セット,700,https://jp.mercari.com/item/m12837293953,2026-05-05T10:02:50.933494
2022年　Pokemon GO　御三家PROMO,"6,000",https://jp.mercari.com/item/m12613526051,2026-05-05T10:02:50.937478
ゲンガー まとめ売り　27枚　071 094 027 048 035 023,"6,800",https://jp.mercari.com/item/m64782767153,2026-05-05T10:02:50.941658
ポケカ ブイズ ジムプロモ,"1,099",https://jp.mercari.com/item/m53209083538,2026-05-05T10:02:50.946033
ポケモンARセット5枚,"1,555",https://jp.mercari.com/item/m97650836514,2026-05-05T10:02:50.950287
【希少】ダークファンタズマピカチュウなどまとめ売り,600,https://jp.mercari.com/item/m78907106197,2026-05-05T10:02:50.954547
フォッコ AR MEGA ニンジャスピナー 085/083 4枚セット ①,"1,650",https://jp.mercari.com/item/m94462892411,2026-05-05T10:02:50.958979
ポケモンカード　サポート14枚セット,"5,800",https://jp.mercari.com/item/m53913283479,2026-05-05T10:02:50.963231
ポケモンカード SSR シャイニートレジャー　セット,400,https://jp.mercari.com/item/m54075616078,2026-05-05T10:02:50.967311
ポケモンカード モンボミラー ＆ アートレア,700,https://jp.mercari.com/item/m16041465717,2026-05-05T10:02:50.971530
ポケモンカード/ディアンシー/フラエッテ/ポケキュン,"2,700",https://jp.mercari.com/item/m31186616781,2026-05-05T10:02:50.975798
ポケモンカードセット シンオウのポケモン,"4,000",https://jp.mercari.com/item/m60355228899,2026-05-05T10:02:50.980214
2021年 Anniversary　ミラー　レシラム&ゼクロム,"6,000",https://jp.mercari.com/item/m42937793423,2026-05-05T10:02:50.984494
ポケモンカード　タッグオールスターズ　RRまとめ売り,700,https://jp.mercari.com/item/m61123169045,2026-05-05T10:02:50.988548
ポケモンカード 4枚セット,880,https://jp.mercari.com/item/m47785482723,2026-05-05T10:02:50.992875
ポケカ　スタートデッキ100 バトルコレクション　ライチュウ　ミラー　3枚,999,https://jp.mercari.com/item/m99117146309,2026-05-05T10:02:50.997392
いっしょにフレンドバトル　草エネルギー　５枚セット　その３,"1,666",https://jp.mercari.com/item/m52535429297,2026-05-05T10:02:51.001495
イーブイ・シャワーズ ・ブースターchr,"4,544",https://jp.mercari.com/item/m99350463948,2026-05-05T10:02:51.005833
ポケモンカード　ボスの指令　アカギ　SR 2枚セット,"3,400",https://jp.mercari.com/item/m25194162226,2026-05-05T10:02:51.009854
ポケモンカード　プロモポケパット4枚セット,"1,200",https://jp.mercari.com/item/m74937166845,2026-05-05T10:02:51.014212
ポケモンカード　ミュウツー,300,https://jp.mercari.com/item/m28482564904,2026-05-05T10:02:51.018431
ポケモンカード イルカマンGXなど4枚セット,400,https://jp.mercari.com/item/m61787692735,2026-05-05T10:02:51.022564
ピカチュウ 4枚セット クレイバーストポケカ,580,https://jp.mercari.com/item/m52383621188,2026-05-05T10:02:51.026854
ポケカ レシラムex ゼクロムex ソウブレイズex RR3枚セット,400,https://jp.mercari.com/item/m12186919133,2026-05-05T10:02:51.031598
ポケモンカード ブイズ　15枚セット,"3,200",https://jp.mercari.com/item/m85430635238,2026-05-05T10:02:51.035861
ポケモンカードセット,400,https://jp.mercari.com/item/m84408171557,2026-05-05T10:02:51.039875
ポケモンカード ポケパッド 8枚 M3,"1,090",https://jp.mercari.com/shops/product/2JP9wjWjzKk9D9Wo5m5M7N,2026-05-05T10:02:51.044009
ポケモンカード まとめ売り ブイーズ9枚セット RR,500,https://jp.mercari.com/item/m85780275889,2026-05-05T10:02:51.048510
ポケモンカード　メガディアンシーex ma,"1,333",https://jp.mercari.com/item/m17479221255,2026-05-05T10:02:51.052565
モンボミラー2枚,980,https://jp.mercari.com/item/m60344257179,2026-05-05T10:02:51.056716
【大特価】ポケモンカード GX 8種8枚まとめ売り,"1,666",https://jp.mercari.com/item/m81631355969,2026-05-05T10:02:51.061144
ポケモンカードゲーム AR SR MA まとめ売り,700,https://jp.mercari.com/item/m47056364559,2026-05-05T10:02:51.065652
ポケモンカード151 ライチュウ,350,https://jp.mercari.com/item/m54451537480,2026-05-05T10:02:51.069799
ポケモンカード　25th anniversary ルギア　ホウオウ　ミラー,"1,400",https://jp.mercari.com/item/m43173581100,2026-05-05T10:02:51.073957
「おまけ付き」イーブイ ● 拡張パック 金の空、銀の海 079/106,300,https://jp.mercari.com/item/m63607077211,2026-05-05T10:02:51.081969
ポケモンカード コイル ソニックブーム 3枚セット　R 005/020,950,https://jp.mercari.com/item/m74183653448,2026-05-05T10:02:51.087378
ポケカ ニャースex RR MEGA ムニキスゼロ 061/080 おまけ付き,700,https://jp.mercari.com/item/m67118261385,2026-05-05T10:02:51.092647
※3枚セット※わるいサンダース ブースター◆ 第4弾拡張パック ロケット団 旧裏,"1,980",https://jp.mercari.com/item/m64931401587,2026-05-05T10:02:51.098120
汎用トレーナーズ 53枚まとめ売り ポケモンカード,300,https://jp.mercari.com/item/m16748577873,2026-05-05T10:02:51.103027
ミュウツーLv.Xセット,"2,500",https://jp.mercari.com/item/m77149406983,2026-05-05T10:02:51.107775
ポケカ　RR 43枚　まとめ売り,"1,399",https://jp.mercari.com/item/m70327301375,2026-05-05T10:02:51.121119
ポケモンカード　旧裏　まとめ売り　赤緑青,780,https://jp.mercari.com/item/m62164092431,2026-05-05T10:02:51.125751
ポケモンフレンダ3枚セット！早い者勝ち！,"1,300",https://jp.mercari.com/item/m23750043620,2026-05-05T10:02:51.130605
ポケモンカード ポケモンGO フシギダネ ヒトカゲ ゼニガメ 御三家 3枚セット,450,https://jp.mercari.com/item/m15172323655,2026-05-05T10:02:51.134699
匿名配送 メガシビルドンex 225/193 MA 3枚セット メガドリームex,"1,399",https://jp.mercari.com/item/m36705717070,2026-05-05T10:02:51.138797
リーリエの決心8枚セット,400,https://jp.mercari.com/item/m28997422610,2026-05-05T10:02:51.143020
ポケモンカードルギアまとめ売り,"5,499",https://jp.mercari.com/item/m32402612322,2026-05-05T10:02:51.147926
ポケモンカード　VMAXクライマックス　CHRまとめ売り,"1,100",https://jp.mercari.com/item/m49816303752,2026-05-05T10:02:51.152483
【ポケカ】ザシアンex RR 6枚,450,https://jp.mercari.com/item/m42136741225,2026-05-05T10:02:51.156527
カイオーガ25th ディアルガ25th ルギア25th ☺︎,400,https://jp.mercari.com/item/m67857419753,2026-05-05T10:02:51.160549
ポケモンカードまとめ売り,750,https://jp.mercari.com/item/m32494606268,2026-05-05T10:02:51.164982
ポケカ　トレーナー　カナリィSAR SR セット,"6,000",https://jp.mercari.com/item/m13723437018,2026-05-05T10:02:51.169012
ポケモンカード ピカチュウ ライチュウ8枚セット,333,https://jp.mercari.com/item/m86999233116,2026-05-05T10:02:51.173063
tag team GX RR AR 100枚　ピカチュウ　レックウザ,"29,999",https://jp.mercari.com/item/m27965882655,2026-05-05T10:02:51.177200
ポケモンカード エーフィ　ブースター サンダース イーブイ,977,https://jp.mercari.com/item/m49491324777,2026-05-05T10:02:51.182186
AR3枚まとめ売り,888,https://jp.mercari.com/item/m52512803729,2026-05-05T10:02:51.186464
ミュウツーVSTAR V 051/172 050/172 035/068,600,https://jp.mercari.com/item/m13576824559,2026-05-05T10:02:51.190589
ポケモンカードVSTAR RRR まとめ売り,"1,555",https://jp.mercari.com/item/m55155188556,2026-05-05T10:02:51.194738
3枚セット　ゲッコウガRR・ゲコガシラ・ケロマツ ポケモンカード,"1,399",https://jp.mercari.com/item/m49235976730,2026-05-05T10:02:51.199150
ポケモンカード ミュウV RR s12α s8,999,https://jp.mercari.com/item/m61134782386,2026-05-05T10:02:51.203149
ポケモンカード コフーライ AR ムニキスゼロ　081/080 2枚セット,580,https://jp.mercari.com/item/m27485972730,2026-05-05T10:02:51.207301
T)ゲンガー S12a VSTARユニバース 048/172 キラカード 4枚,599,https://jp.mercari.com/item/m93327889949,2026-05-05T10:02:51.211144
ポケモンカード　AR 2枚セット,"1,800",https://jp.mercari.com/item/m74482616679,2026-05-05T10:02:51.215725
ポケモンカード 15枚セット,"2,000",https://jp.mercari.com/item/m47465692922,2026-05-05T10:02:51.220028
ポケモンカードMEGA スタートデッキ100 ミラーマリルリex ノーマルマリル,"1,400",https://jp.mercari.com/item/m23914148961,2026-05-05T10:02:51.224204
ポケモンカード　ニョロモ　ニョロゾ　ニョロトノ　ミラー　進化　全6枚,"1,888",https://jp.mercari.com/item/m75213952165,2026-05-05T10:02:51.228507
キングドラ CHR S8b VMAXクライマックス 190/184他,999,https://jp.mercari.com/item/m69533720117,2026-05-05T10:02:51.232966
ロケット団Rミラー１１枚まとめ売り,"1,066",https://jp.mercari.com/item/m81355346148,2026-05-05T10:02:51.237135
【特価】ミュウツー　150/165 ４枚セット　神イラスト,"1,580",https://jp.mercari.com/item/m79178765550,2026-05-05T10:02:51.241213
ピカチュウ　げきとうスパーク　15枚197/SV-P,"4,500",https://jp.mercari.com/item/m26681975086,2026-05-05T10:02:51.245405
K かがやくシリーズ s9a s10a 5枚セット ポケカ,"1,299",https://jp.mercari.com/item/m90318686822,2026-05-05T10:02:51.249989
ヒスイゾロアークvstar sar リーリエ　ミラー,"3,500",https://jp.mercari.com/item/m94248867709,2026-05-05T10:02:51.253960
ポケモンカード　ゲッコウガv ミュウツーv　リザードン　人気rr16枚,"4,999",https://jp.mercari.com/item/m23688008348,2026-05-05T10:02:51.258180
ポケモンカード　トサキント　アズマオウ　進化ライン　お祭り会場　各4枚,300,https://jp.mercari.com/item/m32168883645,2026-05-05T10:02:51.262492
テツノイサハEX 3枚セット,400,https://jp.mercari.com/item/m94054920957,2026-05-05T10:02:51.266819
ゲンガー S4a シャイニースターV 071/190,"1,900",https://jp.mercari.com/item/m36797011636,2026-05-05T10:02:51.270904
リザードン R S10b Pokémon GO 010/071,"1,900",https://jp.mercari.com/item/m44004844851,2026-05-05T10:02:51.275083
ウパー SM9a ナイトユニゾン 021/055 4枚セット,499,https://jp.mercari.com/item/m95224863113,2026-05-05T10:02:51.279199
ポケモンカード　ポケカ　GX EX SR HR まとめ売り,"3,777",https://jp.mercari.com/item/m15464602654,2026-05-05T10:02:51.283914
2023年 151PROMO　御三家,"5,000",https://jp.mercari.com/item/m49043001633,2026-05-05T10:02:51.288119
ポケモンカードexまとめ売り,500,https://jp.mercari.com/item/m10309793072,2026-05-05T10:02:51.292071
ポケモンカード MEGAドリーム ミラー ロケット団　まとめ売り,"2,000",https://jp.mercari.com/item/m88061165948,2026-05-05T10:02:51.296345
【ややキズあり】ミュウツーソウルリンク U XY8 057/059 4枚セット①,"1,999",https://jp.mercari.com/item/m44917032129,2026-05-05T10:02:51.300468
ムウマージex SR MEGA 拡張パック インフェルノX 097/080 2枚,"1,400",https://jp.mercari.com/item/m66847049173,2026-05-05T10:02:51.304531
コイキング S1a 020/070 VMAXライジング カナヘイ,"1,600",https://jp.mercari.com/item/m50622422658,2026-05-05T10:02:51.308571
RR 100枚　まとめ売り,"3,333",https://jp.mercari.com/item/m64268496053,2026-05-05T10:02:51.312856
ピカチュウ S8a 25th ANNIVERSARY【001/028】,"1,890",https://jp.mercari.com/item/m64094617956,2026-05-05T10:02:51.317153
メガフラエッテex SR 2枚　099/083,899,https://jp.mercari.com/item/m76726896618,2026-05-05T10:02:51.321130
旧裏 ポケモンカード 当時品 まとめ売りノーマル 15枚 まとめて,"4,500",https://jp.mercari.com/item/m44423472074,2026-05-05T10:02:51.325074
ミロカロスex SAR ヒンバスAR まとめ売り 【美品】 ポケモンカードゲーム,"19,888",https://jp.mercari.com/item/m62697339594,2026-05-05T10:02:51.329373
ポケモンフレンダ　スーパートレジャー,500,https://jp.mercari.com/item/m39130085387,2026-05-05T10:02:51.333833
AR.ACE.SR23枚セット,"2,500",https://jp.mercari.com/item/m37827914943,2026-05-05T10:02:51.337825
ゼニガメ カメール 旧裏,"1,200",https://jp.mercari.com/item/m77384769472,2026-05-05T10:02:51.341849
ロスレイド・ジェイミ ポケモンカードセット,"1,800",https://jp.mercari.com/item/m53180187130,2026-05-05T10:02:51.346133
ポケモンカード neo プレミアムファイル,"10,700",https://jp.mercari.com/item/m82278797395,2026-05-05T10:02:51.351833
【旧裏】ヤドン ヤドラン 拡張パック ポケモンカード 4枚,"2,500",https://jp.mercari.com/item/m57825631149,2026-05-05T10:02:51.356245
旧裏ポケモンカードポケモンぎゃくしめい ● 拡張パック第1弾 金、銀、新世界へ…,777,https://jp.mercari.com/item/m16876218643,2026-05-05T10:02:51.360428
ニンジャスピナーAR,999,https://jp.mercari.com/item/m89779222139,2026-05-05T10:02:51.364723
【海外限定】ポケモンカード ワタルのリザードンV 25th 英語版　2枚セット,"2,500",https://jp.mercari.com/item/m98902537064,2026-05-05T10:02:51.368756
ポケモンカード イシツブテ　ゴローン　ゴローニャ　旧裏,"1,500",https://jp.mercari.com/item/m46937234038,2026-05-05T10:02:51.372660
ポケモンカード　ドリームリーグ　CHRまとめ売り,"1,200",https://jp.mercari.com/item/m66678602374,2026-05-05T10:02:51.376529
②ポケカ　ケロマツ　ゲコガシラ　ゲッコウガex R仕様　バトルアカデミー　svI,600,https://jp.mercari.com/item/m58100655101,2026-05-05T10:02:51.380940
ソルガレオ S8a 25th ANNIVERSARY 3枚,999,https://jp.mercari.com/item/m58216105339,2026-05-05T10:02:51.385417
ニャースex RR MEGA 拡張パック ムニキスゼロ 061/080 ２枚,"1,550",https://jp.mercari.com/item/m40996686320,2026-05-05T10:02:51.389302
ポケモンカード マスターボールミラー4枚セット,"2,200",https://jp.mercari.com/item/m96232563544,2026-05-05T10:02:51.393299
ポケモンカード　メガガルーラex SR 1枚 RR ４枚 計５枚セット,"1,499",https://jp.mercari.com/item/m37919375997,2026-05-05T10:02:51.397597
リザードンEX (001/021) MリザードンEX (002/021),300,https://jp.mercari.com/item/m29079283500,2026-05-05T10:02:51.401917
ピカチュウ C S10b Pokémon GO 027/071 4枚,300,https://jp.mercari.com/item/m95646139493,2026-05-05T10:02:51.405827
Nのゾロアークex(131/100)[UR]【SV9】【ポケカ】【ポケモンカード】,"2,480",https://e.eagle-insight.com/redirect?acid=CBujj8RkXacveqXNAmt5w9&aucid=brvojffdQ6tECwc2TZEBjC-1&cid=yDXExaXuh7rrkRXevPCFY5&eis=97092902db9e4bfc7f0661763db56543819b0d9248f2a25eef11ea811a2dfce4&itemid=JVC9ma9qtWRBiShj5PvhTe&rurl=https%3A%2F%2Fpokemon.fukufukutoreka.com%2Fproducts%2Fdetail%2F13878%3F_egl-prm%3DeyJfZWdsLXRpZCI6InFhZ1Uzb1hqZ3VwdmR0VXdMRWpmbzMiLCJfZWdsLXVpZCI6Iko0Y28yOXFDRHpiemZoa2ZiUURueFMiLCJfZWdsLWF1Y2lkIjoiYnJ2b2pmZmRRNnRFQ3djMlRaRUJqQy0xIiwiX2VnbC1hZGlkIjoiSlZDOW1hOXF0V1JCaVNoajVQdmhUZSJ9%26utm_source%3Dmercari%26utm_medium%3Dproduct%26utm_campaign%3DNLS_mercari_product%26utm_content%3Dmercari&tid=qagU3oXjgupvdtUwLEjfo3&uid=J4co29qCDzbzfhkfbQDnxS,2026-05-05T10:02:51.409831
ミュウVMAX(054/172)[RRR]【S12a】【ポケカ】【ポケモンカード】,980,https://e.eagle-insight.com/redirect?acid=CBujj8RkXacveqXNAmt5w9&aucid=brvojffdQ6tECwc2TZEBjC-1&cid=fxmDRXM95br8zSghsL4RoQ&eis=38a006c0f199ad0e3366113c62a2271c3214897eb6c615b8e40e1d4f4d33762a&itemid=yJnDeLbvbYbZ2JTGQHUGpJ&rurl=https%3A%2F%2Fpokemon.fukufukutoreka.com%2Fproducts%2Fdetail%2F1364%3F_egl-prm%3DeyJfZWdsLXRpZCI6InFhZ1Uzb1hqZ3VwdmR0VXdMRWpmbzMiLCJfZWdsLXVpZCI6IlNQeVpiY1ZhS0ZadzQ2VzdHUU5WblgiLCJfZWdsLWF1Y2lkIjoiYnJ2b2pmZmRRNnRFQ3djMlRaRUJqQy0xIiwiX2VnbC1hZGlkIjoieUpuRGVMYnZiWWJaMkpUR1FIVUdwSiJ9%26utm_source%3Dmercari%26utm_medium%3Dproduct%26utm_campaign%3DNLS_mercari_product%26utm_content%3Dmercari&tid=qagU3oXjgupvdtUwLEjfo3&uid=SPyZbcVaKFZw46W7GQNVnX,2026-05-05T10:02:51.414621
ミジュマル[マスターボールミラー](018/086)[C]【SV11W】【ポケカ】【ポケモンカード】,380,https://e.eagle-insight.com/redirect?acid=CBujj8RkXacveqXNAmt5w9&aucid=brvojffdQ6tECwc2TZEBjC-1&cid=tvRiKddvdTpfSdrz9XXgXk&eis=5e4ac0b3d25d6fd9ba05fb0897b89c3f68059be20026aaa101fba983ab2b22d4&itemid=fxjErTZCmqvZdWP2thvrFk&rurl=https%3A%2F%2Fpokemon.fukufukutoreka.com%2Fproducts%2Fdetail%2F16479%3F_egl-prm%3DeyJfZWdsLXRpZCI6InFhZ1Uzb1hqZ3VwdmR0VXdMRWpmbzMiLCJfZWdsLXVpZCI6IlFyeGFKSnQ4R0hTdmJEcWhXdEVjRmoiLCJfZWdsLWF1Y2lkIjoiYnJ2b2pmZmRRNnRFQ3djMlRaRUJqQy0xIiwiX2VnbC1hZGlkIjoiZnhqRXJUWkNtcXZaZFdQMnRodnJGayJ9%26utm_source%3Dmercari%26utm_medium%3Dproduct%26utm_campaign%3DNLS_mercari_product%26utm_content%3Dmercari&tid=qagU3oXjgupvdtUwLEjfo3&uid=QrxaJJt8GHSvbDqhWtEcFj,2026-05-05T10:02:51.421652
300円スタート 未開封ポケモンカード 熱風のアリーナ 30パックセット ポケカ,400,https://jp.mercari.com/item/m26005735059,2026-05-05T10:03:06.293092
ポケモンカード 女の子サポート SR まとめ売り,500,https://jp.mercari.com/item/m37153822652,2026-05-05T10:03:06.298213
ポケモンカード SAR UR,"1,200",https://jp.mercari.com/item/m81332221862,2026-05-05T10:03:06.303552
ポケモンGOピカチュウ＋αセット,"4,900",https://jp.mercari.com/item/m57734326318,2026-05-05T10:03:06.307828
AZセットsar2枚,"1,100",https://jp.mercari.com/item/m35033805411,2026-05-05T10:03:06.312643
ポケモンカード MA 4枚セット,600,https://jp.mercari.com/item/m99769975304,2026-05-05T10:03:06.317003
旧裏　ポケモンカード わるいハクリュー ミニリュウ セット,666,https://jp.mercari.com/item/m47624111380,2026-05-05T10:03:06.321112
25th ANNIVERSARY COLLECTION ピカチュウ,700,https://jp.mercari.com/item/m97632755729,2026-05-05T10:03:06.325279
ポケモンカード 旧裏 サンダース カスミのシードラ★ホロ 2枚セット キラ 初期,600,https://jp.mercari.com/item/m28838973038,2026-05-05T10:03:06.329831
ミュウツーGX RR フーパ　プロモ　レックウザ　ラティアス&ラティオス,800,https://jp.mercari.com/item/m45017975575,2026-05-05T10:03:06.334070
ピカチュウ R S10b Pokémon GO 028/071,700,https://jp.mercari.com/item/m48875726295,2026-05-05T10:03:06.338592
ポケカ　メガゲッコウガex　進化ライン,888,https://jp.mercari.com/item/m39356093633,2026-05-05T10:03:06.342891
2022年　Pokemon GO　御三家PROMO,"6,000",https://jp.mercari.com/item/m12613526051,2026-05-05T10:03:06.347588
ゲンガー まとめ売り　27枚　071 094 027 048 035 023,"6,800",https://jp.mercari.com/item/m64782767153,2026-05-05T10:03:06.351644
メガアブソルSAR 1枚＋AR2枚 計3枚セット,700,https://jp.mercari.com/item/m12837293953,2026-05-05T10:03:06.355772
ポケカ ブイズ ジムプロモ,"1,099",https://jp.mercari.com/item/m53209083538,2026-05-05T10:03:06.359940
ポケモンARセット5枚,"1,555",https://jp.mercari.com/item/m97650836514,2026-05-05T10:03:06.364533
【希少】ダークファンタズマピカチュウなどまとめ売り,600,https://jp.mercari.com/item/m78907106197,2026-05-05T10:03:06.368731
フォッコ AR MEGA ニンジャスピナー 085/083 4枚セット ①,"1,650",https://jp.mercari.com/item/m94462892411,2026-05-05T10:03:06.373043
ポケモンカード モンボミラー ＆ アートレア,700,https://jp.mercari.com/item/m16041465717,2026-05-05T10:03:06.377374
ポケモンカード SSR シャイニートレジャー　セット,400,https://jp.mercari.com/item/m54075616078,2026-05-05T10:03:06.382278
ポケモンカード/ディアンシー/フラエッテ/ポケキュン,"2,700",https://jp.mercari.com/item/m31186616781,2026-05-05T10:03:06.386360
ポケモンカード　サポート14枚セット,"5,800",https://jp.mercari.com/item/m53913283479,2026-05-05T10:03:06.390505
ポケモンカード　タッグオールスターズ　RRまとめ売り,700,https://jp.mercari.com/item/m61123169045,2026-05-05T10:03:06.394672
ポケモンカードセット シンオウのポケモン,"4,000",https://jp.mercari.com/item/m60355228899,2026-05-05T10:03:06.398919
2021年 Anniversary　ミラー　レシラム&ゼクロム,"6,000",https://jp.mercari.com/item/m42937793423,2026-05-05T10:03:06.403181
ポケカ　スタートデッキ100 バトルコレクション　ライチュウ　ミラー　3枚,999,https://jp.mercari.com/item/m99117146309,2026-05-05T10:03:06.411391
いっしょにフレンドバトル　草エネルギー　５枚セット　その３,"1,666",https://jp.mercari.com/item/m52535429297,2026-05-05T10:03:06.416171
ポケモンカード　プロモポケパット4枚セット,"1,200",https://jp.mercari.com/item/m74937166845,2026-05-05T10:03:06.420297
イーブイ・シャワーズ ・ブースターchr,"4,544",https://jp.mercari.com/item/m99350463948,2026-05-05T10:03:06.424317
ポケモンカード イルカマンGXなど4枚セット,400,https://jp.mercari.com/item/m61787692735,2026-05-05T10:03:06.428600
ポケモンカード　ボスの指令　アカギ　SR 2枚セット,"3,400",https://jp.mercari.com/item/m25194162226,2026-05-05T10:03:06.432861
ポケモンカード　ミュウツー,300,https://jp.mercari.com/item/m28482564904,2026-05-05T10:03:06.436967
ピカチュウ 4枚セット クレイバーストポケカ,580,https://jp.mercari.com/item/m52383621188,2026-05-05T10:03:06.441230
ポケモンカードセット,400,https://jp.mercari.com/item/m84408171557,2026-05-05T10:03:06.445431
ポケモンカード ブイズ　15枚セット,"3,200",https://jp.mercari.com/item/m85430635238,2026-05-05T10:03:06.450105
ポケモンカード ポケパッド 8枚 M3,"1,090",https://jp.mercari.com/shops/product/2JP9wjWjzKk9D9Wo5m5M7N,2026-05-05T10:03:06.454228
ポケモンカード まとめ売り ブイーズ9枚セット RR,500,https://jp.mercari.com/item/m85780275889,2026-05-05T10:03:06.461872
ポケモンカード　メガディアンシーex ma,"1,333",https://jp.mercari.com/item/m17479221255,2026-05-05T10:03:06.468396
ポケカ レシラムex ゼクロムex ソウブレイズex RR3枚セット,400,https://jp.mercari.com/item/m12186919133,2026-05-05T10:03:06.473966
モンボミラー2枚,980,https://jp.mercari.com/item/m60344257179,2026-05-05T10:03:06.479166
【大特価】ポケモンカード GX 8種8枚まとめ売り,"1,666",https://jp.mercari.com/item/m81631355969,2026-05-05T10:03:06.485157
ポケモンカードゲーム AR SR MA まとめ売り,700,https://jp.mercari.com/item/m47056364559,2026-05-05T10:03:06.497150
ポケモンカード151 ライチュウ,350,https://jp.mercari.com/item/m54451537480,2026-05-05T10:03:06.504029
ポケモンカード　25th anniversary ルギア　ホウオウ　ミラー,"1,400",https://jp.mercari.com/item/m43173581100,2026-05-05T10:03:06.508567
「おまけ付き」イーブイ ● 拡張パック 金の空、銀の海 079/106,300,https://jp.mercari.com/item/m63607077211,2026-05-05T10:03:06.512635
ポケモンカード コイル ソニックブーム 3枚セット　R 005/020,950,https://jp.mercari.com/item/m74183653448,2026-05-05T10:03:06.516829
ポケカ ニャースex RR MEGA ムニキスゼロ 061/080 おまけ付き,700,https://jp.mercari.com/item/m67118261385,2026-05-05T10:03:06.520770
※3枚セット※わるいサンダース ブースター◆ 第4弾拡張パック ロケット団 旧裏,"1,980",https://jp.mercari.com/item/m64931401587,2026-05-05T10:03:06.524785
汎用トレーナーズ 53枚まとめ売り ポケモンカード,300,https://jp.mercari.com/item/m16748577873,2026-05-05T10:03:06.529071
ミュウツーLv.Xセット,"2,500",https://jp.mercari.com/item/m77149406983,2026-05-05T10:03:06.533446
ポケカ　RR 43枚　まとめ売り,"1,399",https://jp.mercari.com/item/m70327301375,2026-05-05T10:03:06.537852
ボスの指令　博士の研究　その他おまけセット,300,https://jp.mercari.com/item/m87697573096,2026-05-05T10:03:06.542050
ポケモンカード　旧裏　まとめ売り　赤緑青,780,https://jp.mercari.com/item/m62164092431,2026-05-05T10:03:06.546205
ポケモンフレンダ3枚セット！早い者勝ち！,"1,300",https://jp.mercari.com/item/m23750043620,2026-05-05T10:03:06.550440
匿名配送 メガシビルドンex 225/193 MA 3枚セット メガドリームex,"1,399",https://jp.mercari.com/item/m36705717070,2026-05-05T10:03:06.554519
ポケモンカード　VMAXクライマックス　CHRまとめ売り,"1,100",https://jp.mercari.com/item/m49816303752,2026-05-05T10:03:06.558445
ポケモンカード ポケモンGO フシギダネ ヒトカゲ ゼニガメ 御三家 3枚セット,450,https://jp.mercari.com/item/m15172323655,2026-05-05T10:03:06.562479
リーリエの決心8枚セット,400,https://jp.mercari.com/item/m28997422610,2026-05-05T10:03:06.566589
【ポケカ】ザシアンex RR 6枚,450,https://jp.mercari.com/item/m42136741225,2026-05-05T10:03:06.571281
ポケモンカードルギアまとめ売り,"5,499",https://jp.mercari.com/item/m32402612322,2026-05-05T10:03:06.575648
カイオーガ25th ディアルガ25th ルギア25th ☺︎,400,https://jp.mercari.com/item/m67857419753,2026-05-05T10:03:06.580183
ポケカ　トレーナー　カナリィSAR SR セット,"6,000",https://jp.mercari.com/item/m13723437018,2026-05-05T10:03:06.584644
ポケモンカードまとめ売り,750,https://jp.mercari.com/item/m32494606268,2026-05-05T10:03:06.588937
tag team GX RR AR 100枚　ピカチュウ　レックウザ,"29,999",https://jp.mercari.com/item/m27965882655,2026-05-05T10:03:06.593101
ポケモンカード ピカチュウ ライチュウ8枚セット,333,https://jp.mercari.com/item/m86999233116,2026-05-05T10:03:06.597513
AR3枚まとめ売り,888,https://jp.mercari.com/item/m52512803729,2026-05-05T10:03:06.601762
ミュウツーVSTAR V 051/172 050/172 035/068,600,https://jp.mercari.com/item/m13576824559,2026-05-05T10:03:06.606088
ポケモンカードVSTAR RRR まとめ売り,"1,555",https://jp.mercari.com/item/m55155188556,2026-05-05T10:03:06.610249
3枚セット　ゲッコウガRR・ゲコガシラ・ケロマツ ポケモンカード,"1,399",https://jp.mercari.com/item/m49235976730,2026-05-05T10:03:06.614645
ポケモンカード ミュウV RR s12α s8,999,https://jp.mercari.com/item/m61134782386,2026-05-05T10:03:06.618811
ポケモンカード エーフィ　ブースター サンダース イーブイ,977,https://jp.mercari.com/item/m49491324777,2026-05-05T10:03:06.622819
ポケモンカード　AR 2枚セット,"1,800",https://jp.mercari.com/item/m74482616679,2026-05-05T10:03:06.626875
T)ゲンガー S12a VSTARユニバース 048/172 キラカード 4枚,599,https://jp.mercari.com/item/m93327889949,2026-05-05T10:03:06.631246
ポケモンカード コフーライ AR ムニキスゼロ　081/080 2枚セット,580,https://jp.mercari.com/item/m27485972730,2026-05-05T10:03:06.635366
ポケモンカード 15枚セット,"2,000",https://jp.mercari.com/item/m47465692922,2026-05-05T10:03:06.639795
ポケモンカードMEGA スタートデッキ100 ミラーマリルリex ノーマルマリル,"1,400",https://jp.mercari.com/item/m23914148961,2026-05-05T10:03:06.643818
ポケモンカード　ニョロモ　ニョロゾ　ニョロトノ　ミラー　進化　全6枚,"1,888",https://jp.mercari.com/item/m75213952165,2026-05-05T10:03:06.648114
【特価】ミュウツー　150/165 ４枚セット　神イラスト,"1,580",https://jp.mercari.com/item/m79178765550,2026-05-05T10:03:06.652106
ロケット団Rミラー１１枚まとめ売り,"1,066",https://jp.mercari.com/item/m81355346148,2026-05-05T10:03:06.656172
キングドラ CHR S8b VMAXクライマックス 190/184他,999,https://jp.mercari.com/item/m69533720117,2026-05-05T10:03:06.660458
ヒスイゾロアークvstar sar リーリエ　ミラー,"3,500",https://jp.mercari.com/item/m94248867709,2026-05-05T10:03:06.664974
K かがやくシリーズ s9a s10a 5枚セット ポケカ,"1,299",https://jp.mercari.com/item/m90318686822,2026-05-05T10:03:06.669077
ポケモンカード　ゲッコウガv ミュウツーv　リザードン　人気rr16枚,"4,999",https://jp.mercari.com/item/m23688008348,2026-05-05T10:03:06.673321
ポケモンカード　トサキント　アズマオウ　進化ライン　お祭り会場　各4枚,300,https://jp.mercari.com/item/m32168883645,2026-05-05T10:03:06.677532
テツノイサハEX 3枚セット,400,https://jp.mercari.com/item/m94054920957,2026-05-05T10:03:06.681730
リザードン R S10b Pokémon GO 010/071,"1,900",https://jp.mercari.com/item/m44004844851,2026-05-05T10:03:06.685897
ゲンガー S4a シャイニースターV 071/190,"1,900",https://jp.mercari.com/item/m36797011636,2026-05-05T10:03:06.690202
ポケモンカード　ポケカ　GX EX SR HR まとめ売り,"3,777",https://jp.mercari.com/item/m15464602654,2026-05-05T10:03:06.694340
ピカチュウ　げきとうスパーク　15枚197/SV-P,"4,500",https://jp.mercari.com/item/m26681975086,2026-05-05T10:03:06.698857
ポケモンカード MEGAドリーム ミラー ロケット団　まとめ売り,"2,000",https://jp.mercari.com/item/m88061165948,2026-05-05T10:03:06.703050
ポケモンカードexまとめ売り,500,https://jp.mercari.com/item/m10309793072,2026-05-05T10:03:06.707513
【ややキズあり】ミュウツーソウルリンク U XY8 057/059 4枚セット①,"1,999",https://jp.mercari.com/item/m44917032129,2026-05-05T10:03:06.711548
ウパー SM9a ナイトユニゾン 021/055 4枚セット,499,https://jp.mercari.com/item/m95224863113,2026-05-05T10:03:06.715899
コイキング S1a 020/070 VMAXライジング カナヘイ,"1,600",https://jp.mercari.com/item/m50622422658,2026-05-05T10:03:06.720045
ムウマージex SR MEGA 拡張パック インフェルノX 097/080 2枚,"1,400",https://jp.mercari.com/item/m66847049173,2026-05-05T10:03:06.724135
ピカチュウ S8a 25th ANNIVERSARY【001/028】,"1,890",https://jp.mercari.com/item/m64094617956,2026-05-05T10:03:06.728383
RR 100枚　まとめ売り,"3,333",https://jp.mercari.com/item/m64268496053,2026-05-05T10:03:06.732845
メガフラエッテex SR 2枚　099/083,899,https://jp.mercari.com/item/m76726896618,2026-05-05T10:03:06.736882
旧裏 ポケモンカード 当時品 まとめ売りノーマル 15枚 まとめて,"4,500",https://jp.mercari.com/item/m44423472074,2026-05-05T10:03:06.741028
ミロカロスex SAR ヒンバスAR まとめ売り 【美品】 ポケモンカードゲーム,"19,888",https://jp.mercari.com/item/m62697339594,2026-05-05T10:03:06.745167
ポケモンフレンダ　スーパートレジャー,500,https://jp.mercari.com/item/m39130085387,2026-05-05T10:03:06.749496
AR.ACE.SR23枚セット,"2,500",https://jp.mercari.com/item/m37827914943,2026-05-05T10:03:06.753546
ゼニガメ カメール 旧裏,"1,200",https://jp.mercari.com/item/m77384769472,2026-05-05T10:03:06.757615
ロスレイド・ジェイミ ポケモンカードセット,"1,800",https://jp.mercari.com/item/m53180187130,2026-05-05T10:03:06.761788
ポケモンカード neo プレミアムファイル,"10,700",https://jp.mercari.com/item/m82278797395,2026-05-05T10:03:06.766188
旧裏ポケモンカードポケモンぎゃくしめい ● 拡張パック第1弾 金、銀、新世界へ…,777,https://jp.mercari.com/item/m16876218643,2026-05-05T10:03:06.770182
【旧裏】ヤドン ヤドラン 拡張パック ポケモンカード 4枚,"2,500",https://jp.mercari.com/item/m57825631149,2026-05-05T10:03:06.774455
ポケモンカード　ドリームリーグ　CHRまとめ売り,"1,200",https://jp.mercari.com/item/m66678602374,2026-05-05T10:03:06.778700
ポケモンカード イシツブテ　ゴローン　ゴローニャ　旧裏,"1,500",https://jp.mercari.com/item/m46937234038,2026-05-05T10:03:06.783013
ニンジャスピナーAR,999,https://jp.mercari.com/item/m89779222139,2026-05-05T10:03:06.787086
【海外限定】ポケモンカード ワタルのリザードンV 25th 英語版　2枚セット,"2,500",https://jp.mercari.com/item/m98902537064,2026-05-05T10:03:06.791140
②ポケカ　ケロマツ　ゲコガシラ　ゲッコウガex R仕様　バトルアカデミー　svI,600,https://jp.mercari.com/item/m58100655101,2026-05-05T10:03:06.795279
ポケモンカード マスターボールミラー4枚セット,"2,200",https://jp.mercari.com/item/m96232563544,2026-05-05T10:03:06.799491
ソルガレオ S8a 25th ANNIVERSARY 3枚,999,https://jp.mercari.com/item/m58216105339,2026-05-05T10:03:06.803671
ニャースex RR MEGA 拡張パック ムニキスゼロ 061/080 ２枚,"1,550",https://jp.mercari.com/item/m40996686320,2026-05-05T10:03:06.808096
ポケモンカード　メガガルーラex SR 1枚 RR ４枚 計５枚セット,"1,499",https://jp.mercari.com/item/m37919375997,2026-05-05T10:03:06.812189
リザードンEX (001/021) MリザードンEX (002/021),300,https://jp.mercari.com/item/m29079283500,2026-05-05T10:03:06.816759
ピカチュウ C S10b Pokémon GO 027/071 4枚,300,https://jp.mercari.com/item/m95646139493,2026-05-05T10:03:06.820784
Nのゾロアークex(131/100)[UR]【SV9】【ポケカ】【ポケモンカード】,"2,480",https://e.eagle-insight.com/redirect?acid=CBujj8RkXacveqXNAmt5w9&aucid=q8GBHMuQnsMz9yvpPnFmmS-1&cid=yDXExaXuh7rrkRXevPCFY5&eis=fc3de980c7b58b94d04d1e66ff727338c13eb92c068d329362c3529ee0811c72&itemid=JVC9ma9qtWRBiShj5PvhTe&rurl=https%3A%2F%2Fpokemon.fukufukutoreka.com%2Fproducts%2Fdetail%2F13878%3F_egl-prm%3DeyJfZWdsLXRpZCI6InFhZ1Uzb1hqZ3VwdmR0VXdMRWpmbzMiLCJfZWdsLXVpZCI6InZIWlBkSmhFOGdmWTlYNEIzWGI1ZmsiLCJfZWdsLWF1Y2lkIjoicThHQkhNdVFuc016OXl2cFBuRm1tUy0xIiwiX2VnbC1hZGlkIjoiSlZDOW1hOXF0V1JCaVNoajVQdmhUZSJ9%26utm_source%3Dmercari%26utm_medium%3Dproduct%26utm_campaign%3DNLS_mercari_product%26utm_content%3Dmercari&tid=qagU3oXjgupvdtUwLEjfo3&uid=vHZPdJhE8gfY9X4B3Xb5fk,2026-05-05T10:03:06.824978
ミュウVMAX(054/172)[RRR]【S12a】【ポケカ】【ポケモンカード】,980,https://e.eagle-insight.com/redirect?acid=CBujj8RkXacveqXNAmt5w9&aucid=q8GBHMuQnsMz9yvpPnFmmS-1&cid=fxmDRXM95br8zSghsL4RoQ&eis=851210b34ce66cbb2035737074a177da8f68a3363825e07b502582f9b33dbe8c&itemid=yJnDeLbvbYbZ2JTGQHUGpJ&rurl=https%3A%2F%2Fpokemon.fukufukutoreka.com%2Fproducts%2Fdetail%2F1364%3F_egl-prm%3DeyJfZWdsLXRpZCI6InFhZ1Uzb1hqZ3VwdmR0VXdMRWpmbzMiLCJfZWdsLXVpZCI6ImNrOWY4M2hjeXhxRGlVcVNYcTR2emYiLCJfZWdsLWF1Y2lkIjoicThHQkhNdVFuc016OXl2cFBuRm1tUy0xIiwiX2VnbC1hZGlkIjoieUpuRGVMYnZiWWJaMkpUR1FIVUdwSiJ9%26utm_source%3Dmercari%26utm_medium%3Dproduct%26utm_campaign%3DNLS_mercari_product%26utm_content%3Dmercari&tid=qagU3oXjgupvdtUwLEjfo3&uid=ck9f83hcyxqDiUqSXq4vzf,2026-05-05T10:03:06.829188
ミジュマル[マスターボールミラー](018/086)[C]【SV11W】【ポケカ】【ポケモンカード】,380,https://e.eagle-insight.com/redirect?acid=CBujj8RkXacveqXNAmt5w9&aucid=q8GBHMuQnsMz9yvpPnFmmS-1&cid=tvRiKddvdTpfSdrz9XXgXk&eis=d081f3e98ccdf1c8e4c6e7d80d154ccf86a8beba58956c007afc6237c133e558&itemid=fxjErTZCmqvZdWP2thvrFk&rurl=https%3A%2F%2Fpokemon.fukufukutoreka.com%2Fproducts%2Fdetail%2F16479%3F_egl-prm%3DeyJfZWdsLXRpZCI6InFhZ1Uzb1hqZ3VwdmR0VXdMRWpmbzMiLCJfZWdsLXVpZCI6IjliREd3YkZlQkxFaFc0eThqcHM5M2siLCJfZWdsLWF1Y2lkIjoicThHQkhNdVFuc016OXl2cFBuRm1tUy0xIiwiX2VnbC1hZGlkIjoiZnhqRXJUWkNtcXZaZFdQMnRodnJGayJ9%26utm_source%3Dmercari%26utm_medium%3Dproduct%26utm_campaign%3DNLS_mercari_product%26utm_content%3Dmercari&tid=qagU3oXjgupvdtUwLEjfo3&uid=9bDGwbFeBLEhW4y8jps93k,2026-05-05T10:03:06.833285
